"","mean","sd","lci","lqrt","med","uqrt","uci","Rhat","n.eff","overlap0","f","node","j_species","j_sub_region","species","Region"
"1",2489.89615564285,1865.84404980972,488.370225660026,1280.57751242669,2024.0438185386,3171.13951476526,7155.52697311981,1.00280391303967,3027,0,1,"Nr[1,1]",1,1,"AMGP","1.1"
"2",2137.09402849687,3546.64047990696,108.217043067178,567.496764897915,1218.52745641266,2505.97461545515,9559.77652349831,1.07639807954144,1156,0,1,"Nr[2,1]",2,1,"BASA","1.1"
"3",1393.3619345981,1656.06234195823,124.455340720673,491.899541901044,941.60723794694,1750.28466775032,5266.09057985889,1.00318158267135,2351,0,1,"Nr[3,1]",3,1,"BBPL","1.1"
"4",672.773316909543,1439.13911229597,13.2413821665818,120.246930385975,314.423240789328,746.279241866918,3451.6976409424,1.06516212690496,14100,0,1,"Nr[4,1]",4,1,"BBSA","1.1"
"5",7968.40596828895,5551.95941673736,2244.01268647708,4704.92166688391,6802.99323706058,9751.81623658772,20463.316553294,1.00372691389246,15000,0,1,"Nr[5,1]",5,1,"DUNL","1.1"
"6",13478.6605123657,12909.4738771496,3238.29198217626,7053.03675640859,10724.4259154732,16446.86554871,39624.3354112099,1.02850700970928,15000,0,1,"Nr[6,1]",6,1,"LESA","1.1"
"7",2277.52536785331,3357.80338085909,206.194141082991,822.38057413065,1548.01996341439,2786.31642904124,8003.4126550033,1.02720126557845,15000,0,1,"Nr[7,1]",7,1,"PESA","1.1"
"8",380.897803225945,1911.41708397065,5.46792176222785,56.7614231129339,159.420784368479,416.762666142221,1952.38719382678,1.24349851187543,6904,0,1,"Nr[8,1]",8,1,"REKN","1.1"
"9",5637.81654108061,238725.13552503,20.4037788911366,171.827948077159,445.937923028819,1029.68705145353,11734.321090703,1.2765873539354,9629,0,1,"Nr[9,1]",9,1,"REPH","1.1"
"10",3177.20514104164,17409.1731782228,364.163988451239,1221.7207015926,2131.7335397723,3668.39941909839,10495.2553140354,1.27677112528188,9397,0,1,"Nr[10,1]",10,1,"RNPH","1.1"
"11",969.99868125982,18233.1118656129,11.1681298934024,112.298465235928,307.532530601015,773.692679926138,4012.67866743071,1.27250998991361,15000,0,1,"Nr[11,1]",11,1,"RUTU","1.1"
"12",2018.66299927702,2955.30999237237,104.890334101827,552.72052443084,1184.37212068083,2383.46047591216,8954.55781212956,1.02158762516729,981,0,1,"Nr[12,1]",12,1,"SAND","1.1"
"13",43679.6631771009,33677.1558325853,10971.1397425931,22937.3461231794,34537.340128714,53113.0901294865,131223.977211745,1.00286229540537,2717,0,1,"Nr[13,1]",13,1,"SEPL","1.1"
"14",58076.6731488875,20307.222390584,29291.282286922,43981.9809464759,54640.3512172373,68267.20884685,106180.609665656,1.00066932294598,5091,0,1,"Nr[14,1]",14,1,"SESA","1.1"
"15",790.520219352836,1417.51019346304,29.3263300764145,202.022382515544,468.069933864567,964.057131922322,3358.46803908667,1.047558074514,15000,0,1,"Nr[15,1]",15,1,"STSA","1.1"
"16",5342.63034820432,3003.24612160389,1447.40563565124,3209.70886836441,4701.49280066803,6778.09075644355,12835.3587621884,1.00015470208334,12874,0,1,"Nr[16,1]",16,1,"WISN","1.1"
"17",32204.8897455298,79266.9661017048,12024.3957698481,20519.5113829451,27199.3303310345,36127.8896840099,65821.6007753293,1.08199558437422,15000,0,1,"Nr[17,1]",17,1,"WRSA","1.1"
"18",54779.3920139305,124077.85133245,3251.61826712498,12854.9658458633,26415.7285063681,56976.5419555693,275681.381277232,1.06645951568504,8170,0,1,"Nr[1,2]",1,2,"AMGP","1.2"
"19",73789.7200635007,293522.483759879,1282.13578178523,8345.8761952838,21013.2138125957,55688.8502026198,460923.099040812,1.03033921302816,8417,0,1,"Nr[2,2]",2,2,"BASA","1.2"
"20",25131.2327314087,77162.3373412876,361.273511932438,2670.81013928539,7178.49669470857,18993.0383287779,166140.18687005,1.01192002475669,8078,0,1,"Nr[3,2]",3,2,"BBPL","1.2"
"21",17667.5196795614,91987.9230170615,139.712191077363,1304.05204419133,3929.7479307112,11172.9489245406,106205.881619056,1.02634116951641,9099,0,1,"Nr[4,2]",4,2,"BBSA","1.2"
"22",102353.029473769,167795.962682127,14340.5817009796,38923.2420794451,65502.6320428345,112656.318809751,408865.623145664,1.00014077136677,15000,0,1,"Nr[5,2]",5,2,"DUNL","1.2"
"23",533267.277598159,664046.262228387,83131.219637945,218517.997793922,366463.120478605,624510.325562618,1984306.95007541,1.01668835434227,5191,0,1,"Nr[6,2]",6,2,"LESA","1.2"
"24",116092.309838288,295314.384807682,3434.50665804661,17962.5049856246,42633.0311146255,104247.996953236,709258.172043453,1.0187990302086,15000,0,1,"Nr[7,2]",7,2,"PESA","1.2"
"25",10132.4610096088,37526.4659632768,56.6995857827261,625.048194481582,2009.17689078904,6340.08883207073,71187.0730233558,1.00456497876871,15000,0,1,"Nr[8,2]",8,2,"REKN","1.2"
"26",41949.9094047554,114068.812369079,274.898677165399,3085.85041135356,9842.06287721181,32060.5532868023,302846.47177562,1.00638138346106,4000,0,1,"Nr[9,2]",9,2,"REPH","1.2"
"27",284156.591782247,322494.771725807,56794.0140925604,134999.520180277,211594.468753706,334876.861989963,954968.852927903,1.02182007172807,4399,0,1,"Nr[10,2]",10,2,"RNPH","1.2"
"28",38772.6832812738,375198.124820777,144.972414641789,1607.66762960155,5382.12530638274,18333.1408823651,246808.137668797,1.18238454598032,13693,0,1,"Nr[11,2]",11,2,"RUTU","1.2"
"29",33232.1418894714,150813.875279881,1007.08120937764,5623.90097635247,12360.3957428059,27823.4042313169,164267.056977132,1.11730767328443,4221,0,1,"Nr[12,2]",12,2,"SAND","1.2"
"30",1184893.45111289,1923944.78226867,104850.539906845,340727.081386802,653887.151244858,1281525.65806298,5422377.80460178,1.00946385629617,4155,0,1,"Nr[13,2]",13,2,"SEPL","1.2"
"31",5300400.94287895,5138946.32038835,1004734.11130541,2380091.35661251,3899574.63440613,6427072.18842268,17698058.2173699,1.00060246282033,15000,0,1,"Nr[14,2]",14,2,"SESA","1.2"
"32",23879.3232645181,91246.0240178684,361.444007096481,2663.26233237658,6846.36023967778,18371.5276921157,152049.403788473,1.02455972638905,15000,0,1,"Nr[15,2]",15,2,"STSA","1.2"
"33",35005.1114812842,39144.0063280872,6084.23851450515,15559.1500804987,25668.914174776,41555.8042122607,119998.612000968,1.00351835934169,13688,0,1,"Nr[16,2]",16,2,"WISN","1.2"
"34",98342.7681104955,298664.477313575,1225.13520908386,9232.64991679677,26206.1445174005,78099.9041949689,634597.531781997,1.01280087259643,6311,0,1,"Nr[17,2]",17,2,"WRSA","1.2"
"35",9705.2762188066,5563.08123303181,2780.54224594056,5790.69783281969,8437.80768087517,12109.2168164707,23904.6774782805,1.00144910288699,2220,0,1,"Nr[1,3]",1,3,"AMGP","2.1"
"36",118715.457709369,96762.7007997462,29838.7075186755,60494.8514780005,90910.2586445997,142696.72672704,372201.735760058,1.00075477400105,2947,0,1,"Nr[2,3]",2,3,"BASA","2.1"
"37",1009.94039717946,1394.39488764175,47.3219802608386,268.10674614547,601.217147081614,1243.12224037146,4477.66584381564,1.00887293798242,10325,0,1,"Nr[3,3]",3,3,"BBPL","2.1"
"38",909.808678465048,1713.94783028446,18.9148351782942,157.226111285113,402.170734612749,1001.31526950062,4876.86025668627,1.00193236901111,15000,0,1,"Nr[4,3]",4,3,"BBSA","2.1"
"39",2657.0894875729,2609.69391707083,301.33501978972,1074.74919220938,1959.25617143175,3363.9410008249,9136.18580890427,1.00025556261463,15000,0,1,"Nr[5,3]",5,3,"DUNL","2.1"
"40",1383.10064906669,2087.28153379243,55.2792023550561,327.802848056554,759.174601536287,1626.76960547538,6385.24304506672,1.000832461737,11600,0,1,"Nr[6,3]",6,3,"LESA","2.1"
"41",6575.14188337445,5225.09839125461,1160.14937786938,3256.19953518709,5230.11354654325,8317.50418023657,19770.3089108513,1.00043873135865,15000,0,1,"Nr[7,3]",7,3,"PESA","2.1"
"42",478.944945828944,916.430441971111,8.13032596187495,75.4457718265236,211.373903758544,537.724788085034,2553.23523586761,1.01772463296564,14457,0,1,"Nr[8,3]",8,3,"REKN","2.1"
"43",2146.98122883123,1952.12941364944,192.132312466099,822.179792795951,1596.53840277959,2831.07955031538,7275.00471796336,1.00006132101006,15000,0,1,"Nr[9,3]",9,3,"REPH","2.1"
"44",1214.24479054052,1861.38326813588,33.7575536605675,263.874732089147,651.935210684744,1448.24998074942,5774.88064983001,1.00667305829301,4423,0,1,"Nr[10,3]",10,3,"RNPH","2.1"
"45",1176.61289364606,3144.86733266842,17.2707240649605,161.710218147238,447.940017916214,1173.10193761639,6433.86979563843,1.01634349126099,8388,0,1,"Nr[11,3]",11,3,"RUTU","2.1"
"46",2201.27851872683,3221.11132556438,125.237023186219,641.080320453451,1302.24200193825,2582.04632636432,9677.21746513471,1.00258277666101,2345,0,1,"Nr[12,3]",12,3,"SAND","2.1"
"47",1256.17522039737,2363.24827699289,34.7223585194255,262.664810698168,647.16503135848,1453.47042216604,6059.04748636986,1.02915352621061,3522,0,1,"Nr[13,3]",13,3,"SEPL","2.1"
"48",1803.9324223305,1663.22838427795,213.778859926345,764.18308667694,1364.36809644238,2320.4977127363,6068.00468684433,1.00122228734563,8970,0,1,"Nr[14,3]",14,3,"SESA","2.1"
"49",1070.50888582077,1401.43018434548,45.9905307909864,276.773003141998,629.08445930516,1308.82784796132,4799.19623502918,1.00111268481077,15000,0,1,"Nr[15,3]",15,3,"STSA","2.1"
"50",462.131411333331,636.25631214602,15.2893343161987,108.847957127689,263.17933997228,561.775392161196,2125.88230279146,1.00041624744338,9849,0,1,"Nr[16,3]",16,3,"WISN","2.1"
"51",6712.85900853584,8976.83267616777,624.874471987719,2258.45794579188,4180.16282107497,7863.43189834237,27799.2607438928,1.0063357077932,15000,0,1,"Nr[17,3]",17,3,"WRSA","2.1"
"52",5383.16944955631,5849.85539315453,766.055542145801,2219.1874515817,3835.61815734262,6588.3309699184,19153.7883742925,1.00107764788053,15000,0,1,"Nr[1,4]",1,4,"AMGP","2.2"
"53",5083.38306794169,10451.8572444917,141.573192684959,875.55786472193,2132.34054291648,5176.08609742387,28973.3138460135,1.00255259844447,15000,0,1,"Nr[2,4]",2,4,"BASA","2.2"
"54",4090.40372596605,6146.67009936995,363.837598570205,1273.88645966907,2429.15968674359,4733.26734504359,17448.805410016,1.0109093605024,11763,0,1,"Nr[3,4]",3,4,"BBPL","2.2"
"55",1514.47185470364,5712.0248134789,16.151186014445,148.756664892684,436.513870874723,1246.41436006855,9117.2361900655,1.01430348844539,15000,0,1,"Nr[4,4]",4,4,"BBSA","2.2"
"56",3212.19373424608,5529.13160065734,111.217326485563,671.458939634807,1568.48040477083,3598.0045086858,16140.7822303281,1.00722775590107,6521,0,1,"Nr[5,4]",5,4,"DUNL","2.2"
"57",2511.73160278626,6849.78262815971,49.646125504499,348.410945949857,919.394784004959,2414.15430278073,14568.5745260233,1.0209859249835,10397,0,1,"Nr[6,4]",6,4,"LESA","2.2"
"58",6926.40225455936,11832.0395375076,360.303220307768,1739.10789538519,3752.69048276156,7956.81190680326,33059.9499560488,1.04474465120877,6025,0,1,"Nr[7,4]",7,4,"PESA","2.2"
"59",793.636762267863,3159.93457575294,5.794622208789,66.5441734298542,210.249301854842,630.611350751565,4943.21618606642,1.05778035620386,12306,0,1,"Nr[8,4]",8,4,"REKN","2.2"
"60",2430.01389032578,5543.01536495076,30.0758009198824,312.453156859721,935.727739663018,2465.76224038162,14072.4906878713,1.00932392144841,7202,0,1,"Nr[9,4]",9,4,"REPH","2.2"
"61",2577.56955341763,7193.52159237576,36.83415591874,309.924925030019,885.102884490413,2382.19379646053,15193.0598116091,1.02004730714191,15000,0,1,"Nr[10,4]",10,4,"RNPH","2.2"
"62",2488.4084775321,10298.6159055023,16.6982969201575,184.926175459294,585.159668884985,1828.28409331632,15599.4339756703,1.0131057394392,15000,0,1,"Nr[11,4]",11,4,"RUTU","2.2"
"63",2567.55367741576,7674.33602291787,107.983067320338,565.050900954287,1213.36541610403,2569.07492653945,12657.5636586274,1.15179708441086,2030,0,1,"Nr[12,4]",12,4,"SAND","2.2"
"64",2433.35543658817,12216.4833040894,32.4597843794217,278.524980009038,761.659095272432,2049.64398138493,14193.2665001732,1.13384968586079,15000,0,1,"Nr[13,4]",13,4,"SEPL","2.2"
"65",4138.71998985171,5899.5431966027,262.398185177625,1191.7758996369,2424.16177024028,4966.14912179843,18477.1050374348,1.00571676152834,8632,0,1,"Nr[14,4]",14,4,"SESA","2.2"
"66",1682.09052590633,3662.64249122898,38.0876073739312,280.073262185324,719.243406896554,1775.89965421054,9189.74886081804,1.04173566726913,3609,0,1,"Nr[15,4]",15,4,"STSA","2.2"
"67",578.722665165703,1185.33992380472,12.0088354777137,89.3455182684399,239.916048075616,596.773732567714,3243.10064291027,1.0022618213515,9027,0,1,"Nr[16,4]",16,4,"WISN","2.2"
"68",14731.3826404818,17930.1726505534,2004.77566013818,5930.42936199537,10320.0695159398,17997.2175314735,52361.3130734514,1.041287524391,15000,0,1,"Nr[17,4]",17,4,"WRSA","2.2"
"69",113738.415583732,112545.282170619,21158.0949498935,51822.404142809,83574.5951064063,136904.942892658,395254.299265904,1.00754092874507,1765,0,1,"Nr[1,5]",1,5,"AMGP","2.3"
"70",719281.497051439,1740651.02684965,22137.9333231109,117480.251766368,283996.517571008,703237.707871574,4103806.38677474,1.02879827026666,7356,0,1,"Nr[2,5]",2,5,"BASA","2.3"
"71",44514.0179994504,105839.658144216,2098.40179635264,8752.34286862808,18216.3366641735,40928.8440048211,264541.998081628,1.00732340038913,7948,0,1,"Nr[3,5]",3,5,"BBPL","2.3"
"72",24352.494716573,106823.093579849,168.866841841198,1629.05522386225,5003.18280049256,15543.9393651978,158872.828978835,1.0075046298614,15000,0,1,"Nr[4,5]",4,5,"BBSA","2.3"
"73",130237.585847276,208594.60901874,15935.2928227278,44748.6022982113,78174.2895944915,139930.27998983,582823.635471188,1.00135120676793,15000,0,1,"Nr[5,5]",5,5,"DUNL","2.3"
"74",57463.1559253544,228973.005013583,580.041730100628,4669.67190632084,13673.4820097291,42024.4340089762,376473.252108804,1.03737665627285,15000,0,1,"Nr[6,5]",6,5,"LESA","2.3"
"75",155076.794000965,360369.734985873,4113.28381816379,22460.1425785066,55157.691685696,144341.489904458,963213.056089428,1.01110386117934,15000,0,1,"Nr[7,5]",7,5,"PESA","2.3"
"76",14093.579125353,55570.6731272818,70.4601396566214,790.980409263226,2637.73148112254,8886.08730798653,98473.3420087631,1.03309355136195,2722,0,1,"Nr[8,5]",8,5,"REKN","2.3"
"77",67336.6648389659,158956.746708091,3406.32711933258,12966.2025302774,25933.0274974344,59326.5545609598,405080.021585649,1.00558542874709,5608,0,1,"Nr[9,5]",9,5,"REPH","2.3"
"78",58945.6519685216,189349.981642927,396.584604103803,3676.0609390145,11696.769930482,39348.6928134855,439715.024301208,1.00288350515458,15000,0,1,"Nr[10,5]",10,5,"RNPH","2.3"
"79",51640.3957077296,379510.862712651,175.525109879475,1959.82887044036,6725.35796391306,23113.7571131293,327059.717077916,1.06389453714158,8933,0,1,"Nr[11,5]",11,5,"RUTU","2.3"
"80",48612.3751564139,187832.554342563,1424.73890233003,7643.85244836611,18106.069419963,42750.2461692941,271115.518286385,1.1139375182505,15000,0,1,"Nr[12,5]",12,5,"SAND","2.3"
"81",59858.4526521705,214565.557429379,396.901952452098,3884.91468842258,12328.6936404085,41445.4202971642,413820.090503359,1.01701461175093,6562,0,1,"Nr[13,5]",13,5,"SEPL","2.3"
"82",151805.282632865,177918.19070066,28296.8071086356,63504.3055810227,99564.2505011058,172027.638085584,609819.823049454,1.00397556014486,6096,0,1,"Nr[14,5]",14,5,"SESA","2.3"
"83",33315.2212790656,92435.2368859248,437.601182545245,3369.5061267734,9353.93363540568,26992.5206191554,223197.722420827,1.00462477736738,15000,0,1,"Nr[15,5]",15,5,"STSA","2.3"
"84",15814.7471314969,41701.483062311,161.359002879966,1412.95390043751,4143.00349596375,12799.2133572295,110005.483982852,1.00670101861997,15000,0,1,"Nr[16,5]",16,5,"WISN","2.3"
"85",228673.419428872,227397.17524265,46455.1408264105,107058.107737621,168125.879594962,274905.733287853,766572.484216341,1.00626748395418,9089,0,1,"Nr[17,5]",17,5,"WRSA","2.3"
"86",14239.8933718442,9594.49924650812,3558.94718034694,7906.67548548305,11797.7794549311,17787.1977066827,38794.8426095212,1.00076445060911,5268,0,1,"Nr[1,6]",1,6,"AMGP","3.1"
"87",3088.62118454933,5414.67377986792,121.67356709905,681.68685050353,1577.85789580131,3470.77256395283,14971.7853367847,1.00128843243699,15000,0,1,"Nr[2,6]",2,6,"BASA","3.1"
"88",18467.3666384734,16166.4249840688,4084.86168887624,9533.76752017917,14752.8484473457,22598.0648433575,53735.6046767367,1.00708827729574,8948,0,1,"Nr[3,6]",3,6,"BBPL","3.1"
"89",1000.84729947897,2670.0678273424,13.984809696929,130.816847534007,372.321509501263,971.839337061134,5804.66586921223,1.02619343865615,15000,0,1,"Nr[4,6]",4,6,"BBSA","3.1"
"90",23850.5083484248,20887.9105760106,6671.09386003201,13794.6595413687,19985.9051606068,29303.523064884,61636.2667517533,1.03219873705075,15000,0,1,"Nr[5,6]",5,6,"DUNL","3.1"
"91",1621.43432004757,5514.03462827646,43.0561695432472,304.666765338193,735.633126071874,1666.76120110159,7867.9771130226,1.06069054026684,15000,0,1,"Nr[6,6]",6,6,"LESA","3.1"
"92",18478.6982779918,18728.4096620122,3949.50473024425,9575.86952858416,14644.9803149738,22463.949859682,53275.9088949263,1.01722038009176,15000,0,1,"Nr[7,6]",7,6,"PESA","3.1"
"93",2335.81390366842,5262.99589072599,156.409771337313,709.121902776465,1438.23394213741,2761.8068924099,9476.5956112531,1.15302433113081,3862,0,1,"Nr[8,6]",8,6,"REKN","3.1"
"94",959051.557460665,15165600.9376738,415282.472613637,623603.674392193,779281.185168154,974945.221349445,1553369.99146597,1.29069981683147,15000,0,1,"Nr[9,6]",9,6,"REPH","3.1"
"95",2010.47079266262,19624.4451865478,29.6174401497806,252.197484101018,659.435000958071,1612.14885466433,8170.66140629818,1.2262865642083,7796,0,1,"Nr[10,6]",10,6,"RNPH","3.1"
"96",187437.66072348,338950.985570834,25205.9305046096,69040.8641729734,120198.65362028,210393.563562879,736404.184628682,1.04553199872773,2086,0,1,"Nr[11,6]",11,6,"RUTU","3.1"
"97",2103.48820659911,3662.50028464414,97.1241563867601,525.944871870267,1141.81567908926,2379.73564794356,9853.38372539847,1.02123715002782,1316,0,1,"Nr[12,6]",12,6,"SAND","3.1"
"98",1410.78161703941,5622.37164503517,26.6556600930463,224.481620483093,585.860824190485,1419.93181384743,6920.29846821798,1.17133375100167,5533,0,1,"Nr[13,6]",13,6,"SEPL","3.1"
"99",2990.60643582999,8417.55657980628,204.87372566575,820.445388484242,1572.30741692952,2959.93264060527,13480.4416441755,1.03457094695003,15000,0,1,"Nr[14,6]",14,6,"SESA","3.1"
"100",1159.17408692304,2635.31370085377,34.3323180139142,237.946131279048,577.296310114268,1315.27153352803,5449.1020370715,1.01722219193928,14726,0,1,"Nr[15,6]",15,6,"STSA","3.1"
"101",482.279219759913,942.217458860317,12.034881904661,95.9226347830403,240.420934095769,560.234921233505,2337.19391606279,1.00886665052645,15000,0,1,"Nr[16,6]",16,6,"WISN","3.1"
"102",662643.22350759,531927.237160716,297010.608130267,468739.023009617,604266.85920503,781725.912758176,1319768.12360773,1.06648167060106,6369,0,1,"Nr[17,6]",17,6,"WRSA","3.1"
"103",22041.907813599,16904.9941720982,4448.78756473142,11014.6472286619,17427.4528996507,27665.7756997064,67412.078247599,1.00197767157239,1403,0,1,"Nr[1,7]",1,7,"AMGP","3.2"
"104",5254.26824006019,9179.64866964491,227.40057567164,1195.08918208773,2686.82641140247,5903.23781564151,25198.3145890939,1.00488480613593,15000,0,1,"Nr[2,7]",2,7,"BASA","3.2"
"105",11387.4853496088,12790.7189417273,1212.06874153806,4169.43681381555,7630.07425243239,13964.4833161593,44053.40852548,1.00353163084863,2561,0,1,"Nr[3,7]",3,7,"BBPL","3.2"
"106",1526.32248636924,3082.62148259019,27.5242704266611,243.10542421544,643.290662737256,1595.77788466333,8318.92679121326,1.00092824221734,15000,0,1,"Nr[4,7]",4,7,"BBSA","3.2"
"107",68602.0748330505,36793.2589130678,24379.9163144546,43556.5011695489,60022.4042545816,83794.735197394,162387.584061961,1.00114294169575,5773,0,1,"Nr[5,7]",5,7,"DUNL","3.2"
"108",2487.17369398833,4367.63227828439,71.4708518637183,506.888921064345,1199.53366226316,2755.69760218309,12972.9145470708,1.00227362947523,15000,0,1,"Nr[6,7]",6,7,"LESA","3.2"
"109",19621.4838254396,14549.8474885061,4285.21464081779,10216.9035624698,15964.8648266599,24502.8587170693,56460.3977987352,1.00074492639011,15000,0,1,"Nr[7,7]",7,7,"PESA","3.2"
"110",3496.50887199332,5612.75738833279,119.821069327936,749.493239880077,1761.75213581908,4047.53750450063,17413.9805417636,1.00210517004741,3623,0,1,"Nr[8,7]",8,7,"REKN","3.2"
"111",830901.488801404,282818.759101284,428704.928122414,633136.377087788,778834.898733173,977348.009648902,1511927.93371952,1.00130051159596,4671,0,1,"Nr[9,7]",9,7,"REPH","3.2"
"112",2154.13964131623,3619.19454650076,54.7267989485226,407.43726690454,1027.20073870046,2450.73933756358,10974.5329974121,1.00056635042381,15000,0,1,"Nr[10,7]",10,7,"RNPH","3.2"
"113",1896.40428703187,5125.97258478119,24.3330772361713,235.968661310323,678.462884385841,1846.4792693983,10790.939795922,1.02442383336607,15000,0,1,"Nr[11,7]",11,7,"RUTU","3.2"
"114",3766.89931309398,6201.41166536349,189.858261811229,953.861131488807,2020.20526226328,4156.05140361685,18356.6026505578,1.01996915361074,883,0,1,"Nr[12,7]",12,7,"SAND","3.2"
"115",2380.13059477035,5399.59743632027,51.8190897804062,404.450519310498,1033.81669050282,2498.0766882426,12757.9565114161,1.01302630997961,4060,0,1,"Nr[13,7]",13,7,"SEPL","3.2"
"116",17542.9663991887,10919.6227412533,4914.35351995536,10147.0421821937,14867.8169118919,21736.7568091101,46171.1115356213,1.00051284886024,15000,0,1,"Nr[14,7]",14,7,"SESA","3.2"
"117",1801.06424078942,2870.57198976147,63.453074054478,406.164031802437,965.905834140688,2118.07470001555,8657.74506221397,1.00812596154817,12191,0,1,"Nr[15,7]",15,7,"STSA","3.2"
"118",822.551593781435,1318.61742506102,24.5369837709649,165.030572700085,409.984816437068,958.083092019658,4168.98311022018,1.00132301341933,15000,0,1,"Nr[16,7]",16,7,"WISN","3.2"
"119",724966.110869641,297386.5904484,329451.627160695,520219.630205809,665619.258480202,860497.546953961,1460009.95884969,1.00109000424035,2191,0,1,"Nr[17,7]",17,7,"WRSA","3.2"
"120",179665.641963226,160929.113900574,34076.5887647595,81697.5921070461,133464.144311992,220706.376092921,606767.514799328,1.00131887749411,3463,0,1,"Nr[1,8]",1,8,"AMGP","4.1"
"121",13549.8717135493,36362.5421820879,369.754126010202,2265.45524660553,5409.29577902265,13056.6904882536,76296.7359105272,1.01099176460014,15000,0,1,"Nr[2,8]",2,8,"BASA","4.1"
"122",7428.13071120773,14204.4576653242,419.30769135939,1945.41630607764,4123.35855568113,8457.84469360961,32643.5462406826,1.02091540846889,3207,0,1,"Nr[3,8]",3,8,"BBPL","4.1"
"123",4295.42252507535,17012.2052666361,43.4199362605636,398.772232751061,1141.03293558936,3237.01158693444,26199.3703280014,1.04534497769726,15000,0,1,"Nr[4,8]",4,8,"BBSA","4.1"
"124",227044.920740059,199924.210359951,54543.8335733239,116622.961582844,175848.027644536,270725.921080442,708993.131337341,1.00490110102472,15000,0,1,"Nr[5,8]",5,8,"DUNL","4.1"
"125",6291.66096472927,15473.214851347,127.024595402025,927.313570811471,2402.1120869165,6057.80771370956,35989.8224056891,1.00818058381635,15000,0,1,"Nr[6,8]",6,8,"LESA","4.1"
"126",42619.755870873,62291.14217961,2887.19648436312,11495.0279146306,23289.640687824,48911.7086098729,198375.38166945,1.00184018339438,15000,0,1,"Nr[7,8]",7,8,"PESA","4.1"
"127",1973.1727563142,6038.67532327487,15.8735711065318,178.776458522178,561.607318665269,1686.91346423465,12431.9258219042,1.03720802531947,15000,0,1,"Nr[8,8]",8,8,"REKN","4.1"
"128",345969.990055328,164823.727333528,137041.431111081,234949.451416676,311371.402977531,416015.270043138,758489.129255757,1.00008904190709,10813,0,1,"Nr[9,8]",9,8,"REPH","4.1"
"129",6052.07482839133,15281.9344130871,86.1692309183605,758.85059897285,2076.08186601454,5555.33862262094,36613.01069596,1.01941371010102,3465,0,1,"Nr[10,8]",10,8,"RNPH","4.1"
"130",66477.0521861774,170904.588930816,1400.30042154687,8905.31268488326,23289.4309570172,61192.0995963064,395951.502689415,1.00029382762461,15000,0,1,"Nr[11,8]",11,8,"RUTU","4.1"
"131",13195.813253913,24298.1509702984,1001.05550862992,3574.3444928221,7083.92261573609,14099.1982210127,62747.3645072923,1.03623898732037,1018,0,1,"Nr[12,8]",12,8,"SAND","4.1"
"132",5797.22385874285,15545.9363363137,86.8831666860654,749.155342578112,2021.51606807588,5335.49382863809,33736.0186989269,1.01794302185565,4122,0,1,"Nr[13,8]",13,8,"SEPL","4.1"
"133",373289.279929065,280206.671168445,97223.8813375931,201061.864472772,299811.29190453,451636.199768985,1097128.89138473,1.00035967045653,5617,0,1,"Nr[14,8]",14,8,"SESA","4.1"
"134",4499.44490745115,9822.82319479769,105.190282213056,747.29015129127,1867.79541496343,4597.12281904332,25538.7171080237,1.00422759231829,15000,0,1,"Nr[15,8]",15,8,"STSA","4.1"
"135",1539.02425039338,3041.70782419748,33.063542690963,242.747450706554,654.940161048256,1619.74879446629,8826.31077173369,1.00216601227325,15000,0,1,"Nr[16,8]",16,8,"WISN","4.1"
"136",154624.932031258,121391.64794921,40367.3529157138,83501.1993117585,123477.716291885,187040.345825482,452059.731869855,1.00030434531817,6551,0,1,"Nr[17,8]",17,8,"WRSA","4.1"
"137",6230.86573730673,4757.45391102248,1410.54455957247,3263.55315515286,4978.36358219353,7765.29347297558,18236.4594070138,1.00022102937645,7382,0,1,"Nr[1,9]",1,9,"AMGP","4.2"
"138",2891.0277011735,7363.77968425482,95.3155721159044,544.138286582799,1258.21873256833,2913.08175791188,15902.3432527448,1.05797858110266,15000,0,1,"Nr[2,9]",2,9,"BASA","4.2"
"139",4280.23565097638,4883.16797918355,654.983915294211,1832.32328133668,3076.89077487085,5176.79909162895,15044.9223006992,1.01386245840953,4685,0,1,"Nr[3,9]",3,9,"BBPL","4.2"
"140",815.561084173743,2538.76636861861,11.6095631315595,101.317378389694,284.13415597196,749.930126385811,4684.54071833667,1.05968753887295,5982,0,1,"Nr[4,9]",4,9,"BBSA","4.2"
"141",33540.9694382685,22817.1895767061,9752.85649097413,19174.8107185838,27738.9157296625,40823.9213856166,90452.241166896,1.0033991218683,5691,0,1,"Nr[5,9]",5,9,"DUNL","4.2"
"142",1438.17582743308,3426.70797511299,34.6168518990844,241.109475718294,590.555162494797,1414.09703372547,8453.89010566765,1.00698849495457,15000,0,1,"Nr[6,9]",6,9,"LESA","4.2"
"143",4071.5277716052,6888.03054423161,242.352127749974,1084.51738608326,2245.10990192992,4568.53946193798,18401.7758747608,1.01373509776628,3933,0,1,"Nr[7,9]",7,9,"PESA","4.2"
"144",414.163143484152,1116.6572569017,4.18388973622677,47.1772346567688,137.585514087963,388.012525344759,2481.45878552939,1.00918483708453,15000,0,1,"Nr[8,9]",8,9,"REKN","4.2"
"145",78259.6377255092,35022.9324480792,31363.0576337868,53592.0550111373,71136.653712712,95219.0460570511,165419.643145655,1.00060638990099,4615,0,1,"Nr[9,9]",9,9,"REPH","4.2"
"146",1551.48309640182,8065.05629632724,23.9598908939231,197.942135297225,537.780808209043,1394.3835984752,8477.36439900104,1.11421267359418,15000,0,1,"Nr[10,9]",10,9,"RNPH","4.2"
"147",5541.00355284468,9478.23410195168,424.409240448751,1592.49228734501,3157.01228219938,6255.99707404863,25094.4793841701,1.01177305716681,5187,0,1,"Nr[11,9]",11,9,"RUTU","4.2"
"148",1540.81427354418,3213.7363764763,74.2169675728689,367.568170128337,771.339997549976,1626.39480353227,7729.79197543089,1.04127200535502,1538,0,1,"Nr[12,9]",12,9,"SAND","4.2"
"149",1384.35673020146,4054.87106638098,23.0610378442284,183.974492921272,499.967458309549,1279.44632904988,7896.76280565026,1.07609548289912,9097,0,1,"Nr[13,9]",13,9,"SEPL","4.2"
"150",110077.533085545,48366.3634683725,45500.9824179283,76472.5854083253,100677.539550772,133666.108196602,228014.223963785,1.00094449520164,6194,0,1,"Nr[14,9]",14,9,"SESA","4.2"
"151",994.675117815025,1865.4477005539,27.1015711805391,188.730618022345,457.290247293437,1061.41740322502,5241.90019372433,1.00636483809277,7061,0,1,"Nr[15,9]",15,9,"STSA","4.2"
"152",359.765458593158,669.223063770101,8.4396649251334,65.2367089779572,165.626916047259,392.051712104334,1876.41403021453,1.00030603371954,15000,0,1,"Nr[16,9]",16,9,"WISN","4.2"
"153",14384.4960854358,11729.354546352,3254.95053626673,7384.43393600371,11268.9839426369,17563.4965767557,44444.5377356981,1.00008033670695,15000,0,1,"Nr[17,9]",17,9,"WRSA","4.2"
"154",300700.79888293,338284.16288185,43403.3746389035,114108.323077669,199759.76515481,360329.382485753,1180886.44741307,1.00440322423559,4704,0,1,"Nr[1,10]",1,10,"AMGP","5.2"
"155",117977.273827682,405395.262030446,2697.87194620232,11883.3798433352,29364.9880362846,83058.8333043945,815967.604338754,1.04822612461615,2529,0,1,"Nr[2,10]",2,10,"BASA","5.2"
"156",36724.9887135839,128223.311930843,278.894714281766,2217.80330971345,7298.25677594967,25101.0105950132,254543.791740081,1.00877892703173,15000,0,1,"Nr[3,10]",3,10,"BBPL","5.2"
"157",27329.2226912503,198607.668997067,357.851100636446,2030.95546244201,5032.16785881422,14169.7941774427,178195.743189584,1.10529612034031,15000,0,1,"Nr[4,10]",4,10,"BBSA","5.2"
"158",701409.759338695,1459622.33138795,28854.0148687485,122029.529105604,286411.491094058,696230.024813854,4181564.37580215,1.00042196202708,15000,0,1,"Nr[5,10]",5,10,"DUNL","5.2"
"159",61788.9306689348,241838.583723149,334.231476064585,3217.96817919186,10651.457073595,38711.0767622033,438280.548669449,1.00198076979685,15000,0,1,"Nr[6,10]",6,10,"LESA","5.2"
"160",200399.029703221,484467.311614604,13679.0068419889,36393.4346184344,72501.2551362487,175849.69314954,1222219.83663078,1.01127532031174,7284,0,1,"Nr[7,10]",7,10,"PESA","5.2"
"161",15756.3397831503,80569.9832063551,44.2678984016203,509.185801233808,1815.34360247389,7316.56431831256,117071.034242802,1.04125424462655,8232,0,1,"Nr[8,10]",8,10,"REKN","5.2"
"162",1018073.13503571,1678687.3629106,75368.3904087915,251699.42268388,529344.252335839,1161470.03834837,4847432.08666569,1.00197224595344,15000,0,1,"Nr[9,10]",9,10,"REPH","5.2"
"163",77072.0612896507,361252.888421641,625.12837573437,3664.73020379557,10875.52513058,40911.3739335994,560597.626162682,1.06120888477047,13915,0,1,"Nr[10,10]",10,10,"RNPH","5.2"
"164",60112.5544458274,385367.606529633,470.953546156154,2549.90812004456,6876.74940853115,23168.7026787298,426642.664035679,1.07038355089085,9123,0,1,"Nr[11,10]",11,10,"RUTU","5.2"
"165",45327.4290352033,145171.091861223,878.043293183834,5591.17260865091,14449.7430166851,37383.2447540872,267985.426507709,1.01596176027472,4273,0,1,"Nr[12,10]",12,10,"SAND","5.2"
"166",81855.623950537,325370.335883007,3808.97652672659,11610.2879360528,22926.1943613172,55045.8018300765,530676.142923083,1.00744980629423,15000,0,1,"Nr[13,10]",13,10,"SEPL","5.2"
"167",470701.927170234,520557.893981592,65833.9169333477,175009.231300424,314543.695864223,576891.359496179,1799613.01597077,1.00056926501152,15000,0,1,"Nr[14,10]",14,10,"SESA","5.2"
"168",36412.5220943604,132487.139397391,685.19362948344,3236.67702296062,8328.94742313333,25553.3821597341,245367.001671909,1.0502784544838,15000,0,1,"Nr[15,10]",15,10,"STSA","5.2"
"169",16694.2288811401,53802.1130141101,102.3796126374,1008.72631988974,3435.31710365362,12295.6047114402,115960.600450299,1.00067604777083,15000,0,1,"Nr[16,10]",16,10,"WISN","5.2"
"170",2107911.61428533,3430677.27257593,173128.760042787,542137.320337392,1138144.53290011,2367070.19570302,10020130.0550201,1.00622874018959,15000,0,1,"Nr[17,10]",17,10,"WRSA","5.2"
"171",52665.3005264796,26445.2260496427,17768.2925572835,34158.7192025568,47294.2225150634,65137.8057341782,118450.52783363,1.00156897759884,1958,0,1,"Nr[1,11]",1,11,"AMGP","6.1"
"172",30398.8652403368,34231.8248271227,4249.33890770051,11836.2854663727,20855.9003177334,36480.0707981929,116488.666808445,1.00447081528766,10352,0,1,"Nr[2,11]",2,11,"BASA","6.1"
"173",6672.97079488461,9150.61054508795,330.396506915394,1798.17667682289,3833.87684053135,7898.74756672465,30020.227339203,1.00275498268968,15000,0,1,"Nr[3,11]",3,11,"BBPL","6.1"
"174",6437.65683343458,12347.0289016939,158.708181286808,1195.58661823098,2935.67897345112,6994.97590748399,34135.5660147563,1.00464197641748,15000,0,1,"Nr[4,11]",4,11,"BBSA","6.1"
"175",58351.8670463465,35008.4938740033,18064.0277059791,35380.2523445487,49987.8973034369,71836.8256506658,147421.98556688,1.00027403523595,15000,0,1,"Nr[5,11]",5,11,"DUNL","6.1"
"176",73018.0037681106,64397.354955896,14264.4141905241,34952.4152799028,55846.924802788,90259.7944158361,227186.945738712,1.00227141011884,15000,0,1,"Nr[6,11]",6,11,"LESA","6.1"
"177",21550.6358307007,19805.503229191,3026.05034797694,9177.16734223416,15812.0483507389,27104.2877612446,76377.769538078,1.0003980633873,15000,0,1,"Nr[7,11]",7,11,"PESA","6.1"
"178",3170.139297371,6217.39946613585,63.3391310003213,533.430976711249,1406.64193971669,3434.90760323799,17727.4390635917,1.01080587439132,4662,0,1,"Nr[8,11]",8,11,"REKN","6.1"
"179",5129.86680844031,7200.1173208533,159.866160818931,1155.91231912163,2783.80733904027,6239.2332972902,24383.3281837816,1.00298958865524,5716,0,1,"Nr[9,11]",9,11,"REPH","6.1"
"180",121384.628886799,86260.8352017682,29424.1478000686,64595.5523943083,99035.1154541872,152137.396719493,345773.931600473,0.999981098478031,15000,0,1,"Nr[10,11]",10,11,"RNPH","6.1"
"181",6304.64517135729,13651.6724514186,124.26786936117,1000.01908501873,2614.93999039088,6564.04707044883,34725.5436139861,1.00957979330619,15000,0,1,"Nr[11,11]",11,11,"RUTU","6.1"
"182",19697.7962347953,31132.0566847644,1118.30496937377,5367.30466284124,11132.17997454,22606.4665224243,88717.3525270411,1.01514774749844,1605,0,1,"Nr[12,11]",12,11,"SAND","6.1"
"183",37349.974219571,28446.8093344859,8888.83623583974,19595.5971222171,29778.4596368334,46276.8085614741,110305.609061509,1.00726773238512,1728,0,1,"Nr[13,11]",13,11,"SEPL","6.1"
"184",901401.284252133,275564.165210055,496755.260150978,707401.344960245,858035.388647288,1044982.27563479,1560841.36553148,1.00043070139911,3870,0,1,"Nr[14,11]",14,11,"SESA","6.1"
"185",52616.2309542058,31706.0321623811,15388.3834513311,31222.1426106446,45147.7600897489,65390.074917145,133993.901000448,1.00049259439217,14247,0,1,"Nr[15,11]",15,11,"STSA","6.1"
"186",8422.40436230676,8994.52584755867,610.404124516677,2821.73072491289,5583.8655762226,10793.412969942,33004.7513417351,1.00008870234768,15000,0,1,"Nr[16,11]",16,11,"WISN","6.1"
"187",9585.65021871847,11976.0330449901,573.139718743724,2834.7588819912,5839.08606110369,11747.6675924325,40854.1047220019,1.00307046538495,13342,0,1,"Nr[17,11]",17,11,"WRSA","6.1"
"188",6519.0102503819,4094.66341310379,1666.75201344615,3709.57741928282,5523.24107247152,8231.9447949559,17205.5407625579,1.0011487603313,3935,0,1,"Nr[1,12]",1,12,"AMGP","7.1"
"189",11700.1958032548,13773.1789594268,1457.62615284655,4277.67999488625,7803.39682405845,13956.148935553,46931.2869008079,0.999999963340964,15000,0,1,"Nr[2,12]",2,12,"BASA","7.1"
"190",5679.48359312099,4928.28192162565,1001.16331072508,2734.77814904171,4432.79747916644,7058.16879002775,17872.4361316782,1.00232299909887,3788,0,1,"Nr[3,12]",3,12,"BBPL","7.1"
"191",3933.11066245728,6262.67118662054,255.741657564228,1114.79070681305,2247.91804515741,4570.2415616433,17246.2666803021,1.00793674611165,10858,0,1,"Nr[4,12]",4,12,"BBSA","7.1"
"192",24805.7614745831,16310.0897442995,6686.58670536798,13986.6401900181,20626.3813384351,30639.0759972472,67381.4143812974,1.00166530868739,15000,0,1,"Nr[5,12]",5,12,"DUNL","7.1"
"193",1007.70474418067,1871.34009365101,32.3765060090834,210.395050623237,507.342492575854,1145.00333159835,4885.60808348756,1.03852554591362,3831,0,1,"Nr[6,12]",6,12,"LESA","7.1"
"194",91248.1992756332,47213.5191365836,33019.3810804647,59196.9272025209,81280.1034193504,111207.112578618,208913.406854231,1.00320018215409,2046,0,1,"Nr[7,12]",7,12,"PESA","7.1"
"195",333.185713074254,712.842263989474,4.09019885784026,44.3932976603222,127.67001447668,337.972078422511,1869.74173992719,1.00229372497919,9877,0,1,"Nr[8,12]",8,12,"REKN","7.1"
"196",80409.0278464956,31126.1294002714,36884.0501082852,58609.854178223,75040.8314457381,95930.5081575671,156241.059126,0.999970765593344,15000,0,1,"Nr[9,12]",9,12,"REPH","7.1"
"197",932.635921772213,1628.80758314704,22.217408249929,174.289085624071,444.26584703025,1067.74853075285,4621.76998188723,1.00205065271453,10761,0,1,"Nr[10,12]",10,12,"RNPH","7.1"
"198",870.139470931519,2173.90474209382,10.2673160943285,106.374405364861,312.828428864173,842.582195702615,5178.23723740847,1.00919712336611,15000,0,1,"Nr[11,12]",11,12,"RUTU","7.1"
"199",1542.8170217912,2992.02557041415,73.990076170097,398.509962060102,824.390320788753,1701.51770765832,7190.72545240808,1.01936612301066,2665,0,1,"Nr[12,12]",12,12,"SAND","7.1"
"200",882.072917237748,1554.30445623966,20.4275721130694,166.045863993869,414.150622311996,977.687459286397,4661.71066550968,1.00548366119727,9310,0,1,"Nr[13,12]",13,12,"SEPL","7.1"
"201",9794.19335199569,5097.10985319425,3260.40640610816,6246.29795017184,8720.0291367196,12146.3174305158,22441.1785944899,1.00056485143409,15000,0,1,"Nr[14,12]",14,12,"SESA","7.1"
"202",765.35165097733,1195.50687637618,25.8376355127729,173.44967985599,415.336837456112,907.664401049852,3659.19985741874,1.00764162174164,7588,0,1,"Nr[15,12]",15,12,"STSA","7.1"
"203",307.83835581687,426.754384610512,9.66361173659453,67.0749249983943,167.808200411009,378.929201911055,1433.31738986974,1.00026756379978,15000,0,1,"Nr[16,12]",16,12,"WISN","7.1"
"204",32801.6563237838,16873.6510486647,11603.1213763263,21131.9601033342,29107.1039245701,39999.0779362321,76151.2427813147,1.00004155911138,15000,0,1,"Nr[17,12]",17,12,"WRSA","7.1"
"205",1735.49747679283,8092.31159124837,98.7874056717388,397.870052148689,786.234025496615,1614.13782400828,8392.47732620041,1.20649219685664,7025,0,1,"Nr[1,13]",1,13,"AMGP","7.2"
"206",1822.90315262417,10059.0455770991,35.0071251876921,224.464658801029,546.524238559044,1333.03677541823,10404.0154620677,1.11330771590412,15000,0,1,"Nr[2,13]",2,13,"BASA","7.2"
"207",896.130740707824,18355.6717839003,10.7177317652095,76.2604291601353,197.312976992061,509.784735253351,4188.82149441103,1.27043200201766,15000,0,1,"Nr[3,13]",3,13,"BBPL","7.2"
"208",543.221769494175,3336.02364533176,3.62524278708514,34.3134773768068,106.037405525799,311.437703565842,3307.67557441574,1.08362584746811,9725,0,1,"Nr[4,13]",4,13,"BBSA","7.2"
"209",2951.24662082184,61291.4627588045,31.6052355460018,205.833117408161,535.708698132629,1368.42336265501,11816.3005568792,1.18650803881058,15000,0,1,"Nr[5,13]",5,13,"DUNL","7.2"
"210",16304.7242225191,57873.541201318,1158.06959554435,4279.99551776592,8606.835538774,17633.1783150106,73392.0977402078,1.16554323410819,15000,0,1,"Nr[6,13]",6,13,"LESA","7.2"
"211",4322.14720568292,25206.7778325621,112.451965598877,595.502659078395,1391.1622038764,3259.07089231218,22678.0456085688,1.01497776654318,15000,0,1,"Nr[7,13]",7,13,"PESA","7.2"
"212",443.650801899199,19732.424489263,1.29268701174782,16.0418593402188,52.3002671891468,164.451525841711,1674.96022026369,1.28829781740308,14238,0,1,"Nr[8,13]",8,13,"REKN","7.2"
"213",44227.3482687224,1837246.36445642,10.982049135186,145.003290842212,516.541801510775,1966.52262084633,65131.4695933928,1.09201247620012,15000,0,1,"Nr[9,13]",9,13,"REPH","7.2"
"214",18337.2836257583,146795.991347454,1074.48678062689,4332.11915194598,8892.12502781588,18491.085744919,75040.8180397792,1.26870535104862,12619,0,1,"Nr[10,13]",10,13,"RNPH","7.2"
"215",2208.16033881461,36423.425148374,4.21075918170782,51.9245058503853,181.507510008148,632.474548272858,8959.59795035429,1.20634306485509,10894,0,1,"Nr[11,13]",11,13,"RUTU","7.2"
"216",610.839051396317,2410.43959130867,24.0496630931152,124.428895497404,266.062314262769,576.862818569292,2990.18828506907,1.05450047707192,7800,0,1,"Nr[12,13]",12,13,"SAND","7.2"
"217",10760.7053854574,21925.013969362,668.02269481655,2602.4076653715,5412.03572651897,11329.9297503504,51146.7823033156,1.02578341800876,2217,0,1,"Nr[13,13]",13,13,"SEPL","7.2"
"218",5861.46157167908,31349.1636224349,400.711197212682,1335.52979447574,2518.99817233215,4927.13655602927,25854.6268659349,1.09004229304137,15000,0,1,"Nr[14,13]",14,13,"SESA","7.2"
"219",758.935720171873,5045.7339367599,9.43153088045932,71.2668929753959,191.224349036936,514.778255486488,3987.24543393991,1.03030644428284,7197,0,1,"Nr[15,13]",15,13,"STSA","7.2"
"220",4619.86634231973,4279.5610408966,688.97997206333,2016.61209924147,3413.74207454256,5728.58437105273,15696.7444201952,1.00128648187692,8963,0,1,"Nr[16,13]",16,13,"WISN","7.2"
"221",34699.2881218709,1156349.37615096,49.9531032422474,420.453602915198,1265.82946494925,4122.59278471946,86832.1967847107,1.26632668223287,10076,0,1,"Nr[17,13]",17,13,"WRSA","7.2"
"222",2631.17669324903,2483.86721999872,373.229238408839,1097.94440204513,1922.38611458763,3298.70276151144,9170.54481566437,1.00231723853982,3508,0,1,"Nr[1,14]",1,14,"AMGP","7.3"
"223",2903.25886994369,6513.81470312322,83.0777354896063,506.567702262654,1252.11276806453,2949.9218006564,15712.681312653,1.00044994009685,15000,0,1,"Nr[2,14]",2,14,"BASA","7.3"
"224",978.587143960335,1812.0770375362,23.8214947112315,172.611934956318,432.08235772235,1058.00498159065,5387.69611606894,1.0002285103534,15000,0,1,"Nr[3,14]",3,14,"BBPL","7.3"
"225",808.92487951418,2411.17173964884,8.33152398793117,87.5044544187416,252.129643741994,703.935527573303,4863.963419614,1.00535035721942,12000,0,1,"Nr[4,14]",4,14,"BBSA","7.3"
"226",1599.27517751576,2516.7008036096,61.3397211061202,355.930784626797,829.060985292101,1817.64242175699,8261.6249846084,1.00145146948135,15000,0,1,"Nr[5,14]",5,14,"DUNL","7.3"
"227",40605.2162396257,37219.8451825885,7555.49335281982,18766.9747827481,30090.7729740734,49257.1671204904,135228.376737811,1.00162228617349,15000,0,1,"Nr[6,14]",6,14,"LESA","7.3"
"228",3517.9896070671,5116.88787799838,195.966696111985,941.03620125961,2006.47385261919,4086.13121419012,15981.5059554317,1.01178689954686,11887,0,1,"Nr[7,14]",7,14,"PESA","7.3"
"229",441.214352614918,1484.27937262431,3.27901857099405,40.6214674323838,132.043791292477,387.247280427523,2797.40076712435,1.07793976744966,12497,0,1,"Nr[8,14]",8,14,"REKN","7.3"
"230",7947.19153695259,27880.6040954332,288.610294733902,1443.00462951726,3242.09755989335,7524.0775807942,43322.0055383602,1.07092636914915,15000,0,1,"Nr[9,14]",9,14,"REPH","7.3"
"231",7106.46718304458,8539.00409276556,695.056476648583,2462.99894250528,4604.9196943442,8575.11786453994,29072.319134553,1.00250963156047,9951,0,1,"Nr[10,14]",10,14,"RNPH","7.3"
"232",1134.08502319895,3637.21372878913,8.48059625896081,98.5844887839913,313.069057197488,944.488974545578,7138.25925054049,1.00218680022338,15000,0,1,"Nr[11,14]",11,14,"RUTU","7.3"
"233",1819.56280249468,4198.60474148865,69.8586662381396,382.119839048529,855.902118966927,1873.37976480374,9339.59752714981,1.03547341070556,2499,0,1,"Nr[12,14]",12,14,"SAND","7.3"
"234",19271.8566520342,26273.1098311102,1859.60444457885,6264.57477255574,11763.6599688218,22653.5586050088,81422.4516813374,1.00706614918045,11507,0,1,"Nr[13,14]",13,14,"SEPL","7.3"
"235",1969.87261502511,2584.00084249992,138.675358202957,612.462959323572,1219.49075842868,2392.04163462984,8319.59387606929,1.01684598099462,15000,0,1,"Nr[14,14]",14,14,"SESA","7.3"
"236",966.84468487379,1974.14099380822,22.5558410268641,163.566877651087,426.515578130631,1012.75729557226,5272.69235685188,1.00857216816014,15000,0,1,"Nr[15,14]",15,14,"STSA","7.3"
"237",446.585041682409,810.822992219463,8.14214657491084,68.6972194139632,188.714448617576,482.50067311647,2518.23048702255,1.00084096098453,8166,0,1,"Nr[16,14]",16,14,"WISN","7.3"
"238",13211.9702341832,30573.981157979,581.544255128621,2525.03627249683,5447.36266270126,12406.5685843949,76129.1576371503,1.00296565046213,7454,0,1,"Nr[17,14]",17,14,"WRSA","7.3"
"239",41925.9384062585,45306.2990700236,4963.16290729924,15863.0757373632,28870.193458809,52433.3716425165,152136.85917922,1.00347330004014,15000,0,1,"Nr[1,15]",1,15,"AMGP","7.4"
"240",34968.3527641548,70141.0714951933,1102.33482141541,6515.14098326169,15269.9269951191,36234.2380531843,189172.126802863,1.00639320650924,10085,0,1,"Nr[2,15]",2,15,"BASA","7.4"
"241",12031.0463065584,26196.1578908075,334.822621664292,2182.04549154227,5349.65142138771,12622.2506212049,63208.940962951,1.00824984086281,5030,0,1,"Nr[3,15]",3,15,"BBPL","7.4"
"242",9340.86577864468,24142.0213077974,114.430165198882,1112.58189081987,3220.00927829555,8657.8011822318,55440.3429171246,1.00391057211154,15000,0,1,"Nr[4,15]",4,15,"BBSA","7.4"
"243",19501.5921777256,31099.9141594958,792.470114741865,4491.25424475099,10122.6471174082,22323.8715927397,97772.1780856058,1.00170823683985,15000,0,1,"Nr[5,15]",5,15,"DUNL","7.4"
"244",312104.946593708,388952.999620174,33894.6572782558,107036.715602953,198173.087419559,369418.657931409,1263875.68276109,1.00479819822172,10353,0,1,"Nr[6,15]",6,15,"LESA","7.4"
"245",141359.82245081,176262.26655234,14685.5930495495,48811.5704927291,91768.202915042,170669.814516507,561813.720969448,1.00330006210426,15000,0,1,"Nr[7,15]",7,15,"PESA","7.4"
"246",5213.15668375559,17429.3782814043,48.2009429879664,530.952797007837,1599.56354479729,4658.03536428095,31507.8736054884,1.00566799523025,7343,0,1,"Nr[8,15]",8,15,"REKN","7.4"
"247",13161.6522278411,22754.3846874365,217.927098407891,2086.76153605975,5895.67439220181,14852.6497029733,70654.2568297494,1.00159865270628,15000,0,1,"Nr[9,15]",9,15,"REPH","7.4"
"248",78053.9356764506,129892.841876576,3779.13009960682,18700.527036435,40854.6076090447,87113.6284727679,384924.25951685,1.01272955682898,3549,0,1,"Nr[10,15]",10,15,"RNPH","7.4"
"249",14738.7275506962,46056.9936425149,115.913751799127,1324.63379281694,4117.90845025653,12397.0916866536,91502.6423171805,1.01799858143681,15000,0,1,"Nr[11,15]",11,15,"RUTU","7.4"
"250",19838.7117713307,45743.912292371,846.808590894232,4597.65246386297,9917.86396159194,20896.160697452,100302.73612619,1.08645863596802,4785,0,1,"Nr[12,15]",12,15,"SAND","7.4"
"251",125402.995101592,207759.532680325,6922.40640165973,30665.3852381949,66075.9225695021,142527.374300515,609785.368445116,1.00383197276198,15000,0,1,"Nr[13,15]",13,15,"SEPL","7.4"
"252",49325.4386188794,50775.0782273306,6139.26900939323,19043.8771983355,34587.4506998432,61713.5160981677,174883.910323955,1.00020564478345,15000,0,1,"Nr[14,15]",14,15,"SESA","7.4"
"253",11598.8226785006,21846.795358154,297.333645167432,2093.28972369122,5305.92305377323,12593.3160301984,61265.3727644838,1.00047661293943,15000,0,1,"Nr[15,15]",15,15,"STSA","7.4"
"254",16183.8229566581,21899.5380481764,765.542663968426,4141.85292175321,9225.59250914815,19648.1350736408,72593.1223666788,1.0014004547431,8750,0,1,"Nr[16,15]",16,15,"WISN","7.4"
"255",26895.9164789012,42606.1022117216,868.04488555047,5653.2996205812,13637.3393041357,30845.4756918191,134839.765057265,1.00289914887648,8537,0,1,"Nr[17,15]",17,15,"WRSA","7.4"
"256",50770.8175304085,34611.4536588727,12796.0125828258,27625.805378552,41960.8526383934,63862.2486561317,139554.037776009,1.00035352549133,10860,0,1,"Nr[1,16]",1,16,"AMGP","7.5"
"257",124390.195338926,201937.822469729,8548.50227215318,32047.6323978928,66189.111355727,137155.658593012,606473.354495274,1.00123257511491,6098,0,1,"Nr[2,16]",2,16,"BASA","7.5"
"258",4570.64174688432,9750.60440312883,137.160756196181,879.195864158709,2091.20649233102,4933.19871124494,24027.7347802361,1.01150409579054,4398,0,1,"Nr[3,16]",3,16,"BBPL","7.5"
"259",8682.22733673247,15911.7537546606,348.108545393887,1872.0335057626,4233.56814105899,9523.0090000463,44018.8696986786,1.00897717835292,15000,0,1,"Nr[4,16]",4,16,"BBSA","7.5"
"260",7167.06237377898,11387.0724319475,329.322025960573,1672.8383343716,3764.29023348639,8129.07412516598,34893.201182928,1.00368902374712,8110,0,1,"Nr[5,16]",5,16,"DUNL","7.5"
"261",228540.142073208,215237.568083727,42138.3787820171,103257.058749744,168644.145738662,278100.166546408,763320.196039491,1.00153490168947,6507,0,1,"Nr[6,16]",6,16,"LESA","7.5"
"262",37285.0642025977,31577.8955475715,6161.47259153539,16989.5993647005,28654.8857520061,47206.091533995,120387.653972832,1.00112373725899,15000,0,1,"Nr[7,16]",7,16,"PESA","7.5"
"263",1976.56689915415,6152.03601703362,19.6809690099663,214.252961802004,648.485344582483,1846.08389642098,11952.8857047761,1.01915411496738,15000,0,1,"Nr[8,16]",8,16,"REKN","7.5"
"264",4738.3278637377,9608.27235351545,79.6255819494037,712.739566070869,2001.1652421999,5173.37422115024,26056.4923597305,1.01752018639301,15000,0,1,"Nr[9,16]",9,16,"REPH","7.5"
"265",61550.2387419467,86802.6119151429,6770.45031047721,20507.9968585411,38005.8121247958,72653.9884843568,257419.123198954,1.01164307708417,15000,0,1,"Nr[10,16]",10,16,"RNPH","7.5"
"266",5266.20345863604,28507.9122216403,47.0657704401022,504.855962088953,1528.62514614503,4404.1997946359,30966.9184195964,1.21486576385698,3739,0,1,"Nr[11,16]",11,16,"RUTU","7.5"
"267",8683.25679129318,18170.6077526115,422.86972970379,2036.95399382208,4381.00383738454,9280.55070377613,42765.2264242154,1.02250941142883,2709,0,1,"Nr[12,16]",12,16,"SAND","7.5"
"268",50326.6978713409,91487.4119628359,2518.5432242625,11438.1851881597,24948.4765053275,54894.8851065833,249987.727018383,1.01149630522585,7698,0,1,"Nr[13,16]",13,16,"SEPL","7.5"
"269",56076.4756957967,44805.1657409674,12751.0946499249,28522.8882475723,44258.2375384469,69201.8167625551,174949.514235131,1.00166620898951,12905,0,1,"Nr[14,16]",14,16,"SESA","7.5"
"270",42538.5478833343,48867.3396087543,5815.00053764509,16556.0681293183,29098.4926011889,51152.341001631,155747.469908036,1.00266665669077,15000,0,1,"Nr[15,16]",15,16,"STSA","7.5"
"271",6037.5998252951,6080.60452327369,590.086378561381,2290.6730831576,4249.25383876346,7669.99027738699,22139.8720378581,0.999956498930605,15000,0,1,"Nr[16,16]",16,16,"WISN","7.5"
"272",11043.4008467887,16098.2865038282,651.390524057679,2993.56426115462,6268.94006302532,12740.6743340188,52710.6222530328,1.00113363238242,15000,0,1,"Nr[17,16]",17,16,"WRSA","7.5"
"273",16965.9828037101,9013.39155460754,5560.01479542159,10716.6517689995,15016.8800317028,21084.5445224719,39584.2269166746,1.00056027425307,3048,0,1,"Nr[1,17]",1,17,"AMGP","8.1"
"274",4757.84307214661,6606.14088245275,498.854274129459,1619.58978324474,2998.16644860452,5608.86788094051,19267.0378979654,1.0178770377789,15000,0,1,"Nr[2,17]",2,17,"BASA","8.1"
"275",783.409008069503,1249.01143712957,34.8269602355888,198.333318457998,437.204045773545,930.368176940098,3557.74699925458,1.0116064860208,15000,0,1,"Nr[3,17]",3,17,"BBPL","8.1"
"276",721.355533062648,1441.94445193778,14.4784867872897,125.099411696429,320.138060495458,769.796353932341,3866.47474842962,1.01442656115926,15000,0,1,"Nr[4,17]",4,17,"BBSA","8.1"
"277",14634.4251492145,7520.62360474023,5191.35304008984,9519.6588948517,12990.6827256007,17832.9831513034,33338.2928085649,0.999984549497139,15000,0,1,"Nr[5,17]",5,17,"DUNL","8.1"
"278",25542.1594537648,20898.920052108,5751.87012254173,13013.5304984728,19904.6698562954,31090.4840330164,79160.8178393012,1.00156451205366,4959,0,1,"Nr[6,17]",6,17,"LESA","8.1"
"279",70166.4122289451,36907.2840416387,28153.8003992342,47183.6169204991,62112.7371828219,83526.764834013,155703.392996002,1.00257758902607,3871,0,1,"Nr[7,17]",7,17,"PESA","8.1"
"280",389.530518701587,834.562903809397,6.35342789167498,57.3746574784609,158.756207413094,409.688977324454,2156.5294573663,1.00307633332193,13182,0,1,"Nr[8,17]",8,17,"REKN","8.1"
"281",6885.11766933588,3321.72954222541,2539.12002358334,4538.4049290609,6223.2019675715,8471.14473923129,15074.8394367509,1.00004685489294,15000,0,1,"Nr[9,17]",9,17,"REPH","8.1"
"282",10835.5978345803,10381.875706087,2469.64327972435,5368.6081003587,8183.54009813854,12669.84161059,36339.4958046611,1.00302956812671,8061,0,1,"Nr[10,17]",10,17,"RNPH","8.1"
"283",929.380805588755,2488.12707781455,15.3411682732142,123.867652843684,334.137531252341,882.99697020708,5419.83590427574,1.00882156578702,10133,0,1,"Nr[11,17]",11,17,"RUTU","8.1"
"284",3117.31212793092,5194.05702421123,264.70345580552,974.373961047962,1858.89143437198,3571.76041259756,13412.6234874429,1.03123380569483,1076,0,1,"Nr[12,17]",12,17,"SAND","8.1"
"285",4575.84915684981,9063.44389596501,320.215595106993,1256.65344462215,2459.85588520133,4891.16322304956,21393.922918057,1.00767241925279,13914,0,1,"Nr[13,17]",13,17,"SEPL","8.1"
"286",15460.7476800147,8231.68146694071,5861.18386821148,10158.8319086972,13660.2600816848,18548.6631336108,35846.6969610745,1.00117414519106,6753,0,1,"Nr[14,17]",14,17,"SESA","8.1"
"287",6992.38732160125,4969.81578210947,1564.66092439833,3703.7971097148,5772.25584200353,8792.10219512772,19613.3372491488,1.0001454206791,15000,0,1,"Nr[15,17]",15,17,"STSA","8.1"
"288",1027.12377041563,906.626156564976,144.339501777409,446.888943317035,777.040049764613,1302.58685748689,3403.10585181965,1.0019935773912,7970,0,1,"Nr[16,17]",16,17,"WISN","8.1"
"289",12307.0060322335,11448.7070166337,2443.14543121387,5835.92815809699,9151.01684478879,14691.1370166751,42012.4214197753,1.00021513049913,13969,0,1,"Nr[17,17]",17,17,"WRSA","8.1"
"290",14539.4539064353,15563.814172081,1744.15864622678,5550.02109996567,10075.963387491,17764.8689991662,55336.8869516444,1.00305954758423,4829,0,1,"Nr[1,18]",1,18,"AMGP","8.2"
"291",31329.0110623495,56318.9132755937,2047.97937215102,8159.74985932018,16375.6400995009,33669.7555307615,154120.001741905,1.00892756504392,15000,0,1,"Nr[2,18]",2,18,"BASA","8.2"
"292",5266.27966879512,12277.8158882053,145.451019566958,879.007991537236,2125.21322782608,5122.03566361766,29849.8507885494,1.01168546567841,3484,0,1,"Nr[3,18]",3,18,"BBPL","8.2"
"293",4218.69955780201,14962.246226899,57.8295892493152,490.602563175326,1331.29527540623,3645.4747290177,25104.2189130179,1.06453752769036,5413,0,1,"Nr[4,18]",4,18,"BBSA","8.2"
"294",331717.499307014,219808.386861674,95509.9432941998,190643.357408833,278204.29917469,406956.782286303,899047.572737668,1.00054145865633,15000,0,1,"Nr[5,18]",5,18,"DUNL","8.2"
"295",7866.16754821018,19682.9423698421,160.473829584405,1136.14532662186,2879.97171467754,7452.23982717675,47946.5124022639,1.00231846146818,15000,0,1,"Nr[6,18]",6,18,"LESA","8.2"
"296",158282.28403395,112551.798444778,44467.5212475169,88890.6755589761,130445.650199132,192232.974911266,445379.266649677,1.00579228887276,5009,0,1,"Nr[7,18]",7,18,"PESA","8.2"
"297",2241.45779742727,6757.6981546245,21.8993430623626,224.638832612012,681.362989330165,1937.49387816989,13566.5404973549,1.01937659318198,15000,0,1,"Nr[8,18]",8,18,"REKN","8.2"
"298",7370.40150333788,14524.9837293268,354.91632836558,1661.36307981539,3459.09706576072,7479.83901325469,37932.7492244076,1.00455202681418,7402,0,1,"Nr[9,18]",9,18,"REPH","8.2"
"299",115165.187220011,137437.604079425,17517.3792120782,46022.3886580505,77622.0989278777,134740.411473275,440376.096022746,1.01643695993749,6837,0,1,"Nr[10,18]",10,18,"RNPH","8.2"
"300",7072.53667572423,41604.0541324371,58.0661482469012,549.81390586194,1633.07998833677,4901.57635618864,43010.2054300712,1.02387187032192,15000,0,1,"Nr[11,18]",11,18,"RUTU","8.2"
"301",8392.33143429105,18180.747015667,398.149403180096,1997.10820758022,4113.22303439788,8628.07399452976,42768.232719011,1.01632561624795,2519,0,1,"Nr[12,18]",12,18,"SAND","8.2"
"302",8211.84298293997,25135.7868312026,118.98834015959,931.426110426297,2599.15963647218,6980.49709897976,49794.5375311293,1.02028961887603,15000,0,1,"Nr[13,18]",13,18,"SEPL","8.2"
"303",101587.664669734,66841.8956961719,28023.0562515248,57080.5160132109,84507.0724927832,125644.822998172,281641.175554323,1.00005151166008,15000,0,1,"Nr[14,18]",14,18,"SESA","8.2"
"304",13324.8715176364,21339.5374100951,1084.03059383976,4276.20527162285,8274.57441616903,15920.3489346083,55188.9148122234,1.06243257461225,15000,0,1,"Nr[15,18]",15,18,"STSA","8.2"
"305",2804.08827620504,5606.84634295228,149.437723995605,689.848867664337,1453.53814866102,3026.13684559764,13537.2997222634,1.0048273612917,15000,0,1,"Nr[16,18]",16,18,"WISN","8.2"
"306",15264.523100118,26966.8267878125,872.838773191559,3664.87467316391,7666.9582581226,16110.8130506247,79562.4437508609,1.00024305767603,10346,0,1,"Nr[17,18]",17,18,"WRSA","8.2"
"307",60913.9996946368,33823.7205514572,19555.0877385076,37691.8066678225,53478.8079219283,75044.3860618135,146779.086903139,1.00312774330718,884,0,1,"Nr[1,19]",1,19,"AMGP","8.4"
"308",69211.796552271,91365.1121222402,9623.54932255738,25296.4750280925,44034.8549022075,79842.162668426,285158.509198782,1.00043404639054,9635,0,1,"Nr[2,19]",2,19,"BASA","8.4"
"309",24977.8635655379,24000.6428802244,5345.49610594801,12357.0727160634,19287.7424313458,30027.1930859192,78321.6484428792,1.01032409259145,3802,0,1,"Nr[3,19]",3,19,"BBPL","8.4"
"310",93698.9045929695,100100.222495911,17873.6929255277,41970.9489533675,67200.2935538606,110589.962938137,331527.887078368,1.00733571589671,4506,0,1,"Nr[4,19]",4,19,"BBSA","8.4"
"311",11537.5021178061,9229.81054611387,2343.06917213721,5751.08525443515,9198.35509452733,14443.9951560939,34554.780775551,1.00049134163741,15000,0,1,"Nr[5,19]",5,19,"DUNL","8.4"
"312",2925.37533656972,5806.41650415326,82.2808034015408,544.181034336284,1303.5846578328,3107.35427728026,15818.3383339262,1.00742311871089,15000,0,1,"Nr[6,19]",6,19,"LESA","8.4"
"313",200818.457397818,108769.744437132,72229.7389342203,128161.489492922,175609.882765384,244064.846200418,470800.827391137,1.00127784440517,2505,0,1,"Nr[7,19]",7,19,"PESA","8.4"
"314",4723.75492620964,6521.11198593003,340.086232639858,1402.29448010125,2856.14341495286,5551.77654783702,20908.5985930283,1.01134886476614,7777,0,1,"Nr[8,19]",8,19,"REKN","8.4"
"315",157754.454141756,63494.1849675875,70878.4677131331,113377.596217465,145635.091299328,188581.80252715,312811.345711464,1.00045968748969,15000,0,1,"Nr[9,19]",9,19,"REPH","8.4"
"316",2812.42408633147,6576.07966857497,61.4995075016465,451.779707497393,1167.85721265671,2740.19583349589,15508.4707022778,1.01124773919638,15000,0,1,"Nr[10,19]",10,19,"RNPH","8.4"
"317",106237.508433144,174788.967824274,12340.3269258116,36304.4735648706,64471.2237636423,118210.47708907,441247.122797268,1.00934585727317,5035,0,1,"Nr[11,19]",11,19,"RUTU","8.4"
"318",12003.3973625433,25984.609916977,1310.59521477251,3787.45541296529,6830.09256768503,12770.7340982465,51210.8717143055,1.03158849302478,1897,0,1,"Nr[12,19]",12,19,"SAND","8.4"
"319",21836.4696133731,30633.3899703425,2141.58983501806,7102.56584613108,13562.8043878307,25434.8469378174,90864.7341846664,1.00137114842524,15000,0,1,"Nr[13,19]",13,19,"SEPL","8.4"
"320",144382.975808355,61039.487224235,61844.6061647964,101691.629671793,132589.689603467,173336.36561164,297940.658254158,1.00076750378772,2695,0,1,"Nr[14,19]",14,19,"SESA","8.4"
"321",29333.0716206963,19019.5053728415,8209.68215427986,16948.8565245324,24615.5350853569,36165.8895180094,77771.3790347816,1.00090666396443,5344,0,1,"Nr[15,19]",15,19,"STSA","8.4"
"322",836.143912229867,1528.79381575136,22.390392245473,163.5203752298,402.607175398217,951.241342095439,4304.79325933616,1.02139836090776,15000,0,1,"Nr[16,19]",16,19,"WISN","8.4"
"323",666671.209589117,282415.559899652,291846.906369587,469835.645832327,608938.677264187,796914.421530547,1388024.96303106,1.00012492960597,15000,0,1,"Nr[17,19]",17,19,"WRSA","8.4"
"324",82955.3579994851,63420.2424342048,19130.4562835337,44132.1300626518,66620.0358040654,101222.188005503,243770.909292434,1.00029192148131,7225,0,1,"Nr[1,20]",1,20,"AMGP","8.5"
"325",74530.2959468115,117513.702262833,7063.00406747743,23538.5015423603,44417.4149534636,84545.5393332696,321977.406220817,1.00129257933017,15000,0,1,"Nr[2,20]",2,20,"BASA","8.5"
"326",4829.05702517286,8582.45219177024,133.165273953129,935.321064226125,2313.92279296039,5302.83854522458,25253.6904360651,1.00631479179336,15000,0,1,"Nr[3,20]",3,20,"BBPL","8.5"
"327",17349.4895588696,28577.776444217,950.414610356012,4418.76441369687,9377.46803569607,19458.4866854686,80331.7039624193,1.00446429472961,8443,0,1,"Nr[4,20]",4,20,"BBSA","8.5"
"328",19257.766011186,25950.2225790791,1971.93118057894,6891.07955039993,12886.957256617,23545.9683181021,73708.0603513289,1.01916627110752,15000,0,1,"Nr[5,20]",5,20,"DUNL","8.5"
"329",6556.45681259198,13738.4585081554,140.729988978426,1074.00623562849,2762.24036821861,6722.18838067735,36509.3475776394,1.00141890776398,15000,0,1,"Nr[6,20]",6,20,"LESA","8.5"
"330",341166.999620603,217858.602604285,98112.3219058787,199486.635808188,286316.159455383,419445.67164559,915202.183509049,1.00002929435728,15000,0,1,"Nr[7,20]",7,20,"PESA","8.5"
"331",16834.7196249238,33303.4680533515,632.5463374357,3470.87851676344,7859.64630581335,17941.0458732796,90073.2651979539,1.01678039973597,15000,0,1,"Nr[8,20]",8,20,"REKN","8.5"
"332",91533.0199350801,59170.2157912272,23994.5071223016,52165.2477939175,77106.6660023237,114064.655560313,242152.168551261,1.00142654732453,10588,0,1,"Nr[9,20]",9,20,"REPH","8.5"
"333",17905.8802199879,23419.7820555886,1210.29467689551,5230.89778511749,10669.231652654,21561.5101993901,78971.1870348464,1.00170993362602,15000,0,1,"Nr[10,20]",10,20,"RNPH","8.5"
"334",55451.4366277111,106628.106974506,3244.35122879101,13679.2464144855,28407.4985460842,58963.4500618019,269501.465992189,1.00872902978998,2782,0,1,"Nr[11,20]",11,20,"RUTU","8.5"
"335",8190.24790484378,18087.1150778312,354.262407702544,1887.49707042853,4126.13633475104,8598.90215381079,40415.5862560825,1.05278362180192,4883,0,1,"Nr[12,20]",12,20,"SAND","8.5"
"336",5745.00197591591,14874.912478704,97.7245128729126,828.689567754291,2195.89273354373,5574.05801323539,31773.569095115,1.01641610224557,9881,0,1,"Nr[13,20]",13,20,"SEPL","8.5"
"337",287683.517928575,139387.580948565,107314.087518226,189354.562111394,258156.233897634,353186.138565168,633834.857807416,1.00013831739763,12291,0,1,"Nr[14,20]",14,20,"SESA","8.5"
"338",66125.2593456054,52324.9861758883,13830.8613682943,33109.0559161608,52012.2230824505,82089.955092243,201977.162178973,1.00123496075405,3517,0,1,"Nr[15,20]",15,20,"STSA","8.5"
"339",1679.95749999507,2896.04828896287,40.8214735430131,311.482475127485,798.199370069734,1916.100883017,8769.65443671814,1.00135816305212,5382,0,1,"Nr[16,20]",16,20,"WISN","8.5"
"340",371667.693954495,222541.710922617,112404.776974168,221096.207299154,317826.589203072,460936.382244827,941718.7245714,1.00039454879426,8756,0,1,"Nr[17,20]",17,20,"WRSA","8.5"
"341",23989.9994937897,31512.1140763065,2952.00874653301,9221.57415338636,16437.2885546122,29096.6188195613,91526.3929361194,1.07878002657565,1688,0,1,"Nr[1,21]",1,21,"AMGP","9.3"
"342",23454.4742012588,84911.944423704,692.172662841062,4134.57662560644,9813.78561048915,22658.9222506456,120330.369087573,1.04786091836914,15000,0,1,"Nr[2,21]",2,21,"BASA","9.3"
"343",244627.84082032,310140.231976238,34571.0049613688,96880.1043470703,164912.155268175,288025.642300497,897508.566607266,1.02213852332851,4049,0,1,"Nr[3,21]",3,21,"BBPL","9.3"
"344",41191.9956850513,82449.2602956943,1766.45862777238,8460.30469668121,19282.1111856671,43738.3748040977,216769.666327349,1.02237988558053,1820,0,1,"Nr[4,21]",4,21,"BBSA","9.3"
"345",16788.2885836146,35714.7520594351,506.268336876703,3269.6982819596,7657.00193383358,17895.8450672362,88344.6690824983,1.0059387650677,11157,0,1,"Nr[5,21]",5,21,"DUNL","9.3"
"346",12752.9783985708,48663.6622913489,230.847358862496,1764.12407685336,4654.28203572418,11774.8096172834,73657.3406676345,1.14294028246131,12207,0,1,"Nr[6,21]",6,21,"LESA","9.3"
"347",489024.061280799,440931.538079526,90064.3709676548,225603.745749695,364722.100727614,598313.218103618,1641753.8821849,1.00116069435037,4583,0,1,"Nr[7,21]",7,21,"PESA","9.3"
"348",3562.72894756663,11412.9662441849,27.2333137925949,319.236331522839,986.117346034797,2956.553034225,22518.3953188044,1.01754777391542,13049,0,1,"Nr[8,21]",8,21,"REKN","9.3"
"349",521389.439510048,360076.90511844,132501.541090176,284012.23240006,429928.692726789,653419.462591619,1432961.76972687,1.00453772262914,2773,0,1,"Nr[9,21]",9,21,"REPH","9.3"
"350",14935.5148358068,56686.9329361821,183.014311374153,1643.8326417729,4766.40930743843,12621.7283293908,87214.4678539105,1.0236382096343,8787,0,1,"Nr[10,21]",10,21,"RNPH","9.3"
"351",30981.4622984968,103828.314925674,595.002813650875,3976.70902815876,10330.5876360693,27546.3046689618,180878.457382823,1.06184397122356,10407,0,1,"Nr[11,21]",11,21,"RUTU","9.3"
"352",27448.4094390675,83391.6660564114,1698.36672079426,6342.06208501929,12573.5091676608,26685.9042340306,141244.811377064,1.08076559385147,2331,0,1,"Nr[12,21]",12,21,"SAND","9.3"
"353",11142.2806204703,35483.0971461598,146.065164230723,1309.04689377143,3544.6254393964,9690.28184693451,66551.4550466954,1.0375480755778,15000,0,1,"Nr[13,21]",13,21,"SEPL","9.3"
"354",20996.931690346,32002.4136616815,1333.54322211765,5972.30349651715,12153.2185372482,24295.4364496034,95365.3501127626,1.02226389647906,2695,0,1,"Nr[14,21]",14,21,"SESA","9.3"
"355",7868.44198867619,16246.1653097202,199.379343697653,1367.43276214933,3423.48302078825,8232.41390893719,41670.3369745874,1.01053143593695,11161,0,1,"Nr[15,21]",15,21,"STSA","9.3"
"356",2942.94291712609,7395.23635363475,59.3430819560851,457.311185751633,1212.30548184982,3077.35323233602,16083.666165432,1.03210231399453,8479,0,1,"Nr[16,21]",16,21,"WISN","9.3"
"357",596956.549401546,462499.168813397,133674.109127694,303242.233309437,473546.456478063,741031.996368273,1803409.71769672,1.00123879124697,3269,0,1,"Nr[17,21]",17,21,"WRSA","9.3"
"358",235110.448456385,160723.371454181,58213.999603205,130481.080246969,195531.105852481,292017.271858448,642955.277324819,1.00019587567178,15000,0,1,"Nr[1,22]",1,22,"AMGP","9.4"
"359",956108.745522863,1134157.67667609,142028.71276779,372825.752784252,640945.657364457,1128657.69032567,3689412.78938313,1.00590696068958,15000,0,1,"Nr[2,22]",2,22,"BASA","9.4"
"360",46611.7097513511,53521.3338762249,4116.05094392747,16103.7862116469,30788.6250948184,57066.436243779,191087.490521023,1.00333371464438,14743,0,1,"Nr[3,22]",3,22,"BBPL","9.4"
"361",111812.759441914,142886.673099194,10087.3283065234,36950.4844243607,69816.7054006758,132949.167481327,465568.616252159,1.01162305714675,13915,0,1,"Nr[4,22]",4,22,"BBSA","9.4"
"362",28699.2916218663,40271.2847835437,1485.63947542834,7783.45792782083,16951.7219851087,33736.1794633512,131916.949995283,1.00289528714164,15000,0,1,"Nr[5,22]",5,22,"DUNL","9.4"
"363",23486.59646076,40495.6663190295,652.351225125234,4635.02273076588,11550.5721909848,26226.505025304,121045.8235225,1.00021763447999,14184,0,1,"Nr[6,22]",6,22,"LESA","9.4"
"364",985155.943118216,752659.06614181,244965.168715325,522334.543408475,787090.783455607,1208282.78253185,2889033.74141276,1.0007277858944,5023,0,1,"Nr[7,22]",7,22,"PESA","9.4"
"365",36356.8064723438,44957.259331695,2364.49752700067,10881.6051787774,22468.0185243075,44329.227326173,156819.726411092,1.00013212096397,15000,0,1,"Nr[8,22]",8,22,"REKN","9.4"
"366",51967.6878247671,66380.1061150087,3091.57903795688,15673.0492622951,32875.1817834685,65294.073165726,215481.627171543,1.01286192692255,9930,0,1,"Nr[9,22]",9,22,"REPH","9.4"
"367",22729.1440539247,42973.9409140832,492.350186995245,3890.53542359118,10222.8493245604,24815.462402706,122807.290720988,1.02028433328664,6007,0,1,"Nr[10,22]",10,22,"RNPH","9.4"
"368",20449.0026526793,64895.767815317,215.639570501305,2233.4008535317,6736.09144278173,19066.7117628321,121887.777651836,1.03185462109326,15000,0,1,"Nr[11,22]",11,22,"RUTU","9.4"
"369",140356.406784526,457177.523264692,13715.2974742048,43023.589937935,80507.169683382,155430.379611992,603360.847479281,1.22479307870502,8266,0,1,"Nr[12,22]",12,22,"SAND","9.4"
"370",20771.2669066109,38728.1604145274,425.009650779883,3496.76939732796,9203.11677407308,22235.8050452827,115305.829307961,1.00663126672305,5305,0,1,"Nr[13,22]",13,22,"SEPL","9.4"
"371",525993.469532365,295993.577755395,181002.499700576,328930.547154283,455204.284951442,642819.158793907,1289799.8041258,1.00136394084855,15000,0,1,"Nr[14,22]",14,22,"SESA","9.4"
"372",98026.8685683616,111898.469312808,11588.4204935479,36634.1140305396,66007.8186501259,119915.117864865,371476.711485192,1.00223836094437,4435,0,1,"Nr[15,22]",15,22,"STSA","9.4"
"373",6947.78645840811,10070.7592262306,191.695453315988,1410.54459069547,3532.8835103208,8338.29607817459,33808.248655223,1.00043891767078,15000,0,1,"Nr[16,22]",16,22,"WISN","9.4"
"374",139479.157613156,130043.67286737,22446.6473509422,63322.4341771621,105061.238241777,172586.215600356,463918.342230304,1.00041567804306,9508,0,1,"Nr[17,22]",17,22,"WRSA","9.4"
"375",136600.623439781,76856.3211222049,41604.3372555701,83170.0749658452,119335.603224245,169674.021647306,329549.507580396,1.00150703161372,2317,0,1,"Nr[1,23]",1,23,"AMGP","9.5"
"376",17410.9486853637,26010.0664077278,826.584069211071,4315.21942578229,9486.05447858778,20615.2950777624,81386.3608408079,1.00359100858973,11218,0,1,"Nr[2,23]",2,23,"BASA","9.5"
"377",63402.5201808229,63400.9060776809,12590.6046599223,30906.586373894,49200.0477588358,78330.0338993809,193815.003138801,1.05869082809989,11533,0,1,"Nr[3,23]",3,23,"BBPL","9.5"
"378",79098.8143266857,85550.5254397816,11638.7972375876,32198.5858908488,55027.3488630569,95729.152991642,288489.139404541,1.00068994881377,11981,0,1,"Nr[4,23]",4,23,"BBSA","9.5"
"379",9207.80295853645,11657.2352196484,560.973202308555,2797.60854508666,5698.14573790435,11341.6863060561,38421.8435742793,1.0027091417494,15000,0,1,"Nr[5,23]",5,23,"DUNL","9.5"
"380",8153.0400958995,12438.2365930219,254.630401944572,1765.36253690166,4231.68774578982,9429.13453479661,40493.5954877439,1.00035947480255,10409,0,1,"Nr[6,23]",6,23,"LESA","9.5"
"381",164613.931718579,108089.668143048,43111.4447002289,92812.5088454705,137249.907280784,204633.01665952,448879.885912248,1.00037177856479,15000,0,1,"Nr[7,23]",7,23,"PESA","9.5"
"382",2608.74995376864,5205.28960194756,38.7210158693811,371.098077039027,1072.14727552994,2745.48446726754,14756.2301501129,1.00240034785612,3866,0,1,"Nr[8,23]",8,23,"REKN","9.5"
"383",5579.50927996287,7836.83822273249,144.344733456723,1237.2164981765,3113.39345595922,6876.66960355662,25888.9532288906,1.00062762812233,15000,0,1,"Nr[9,23]",9,23,"REPH","9.5"
"384",7254.86215734397,11442.559181823,185.190483842074,1448.84103620216,3609.48647951106,8472.73610903459,35915.1685309854,1.00021031547669,11035,0,1,"Nr[10,23]",10,23,"RNPH","9.5"
"385",40224.6994923029,66331.6948694228,2842.35646692797,11214.8815256715,22449.0262022052,45159.3866445212,183395.506125354,1.00915247955063,5662,0,1,"Nr[11,23]",11,23,"RUTU","9.5"
"386",98059.0880239851,145494.155215653,11815.1044304647,33273.7841401171,60403.9047133246,109853.679740358,416043.18650382,1.02961982067626,918,0,1,"Nr[12,23]",12,23,"SAND","9.5"
"387",7588.48967711655,13797.1670498373,189.689178145791,1414.5917052913,3615.17718117505,8543.72153612373,38694.5976821821,1.01048890574768,6366,0,1,"Nr[13,23]",13,23,"SEPL","9.5"
"388",27114.0088060307,19514.2995823491,5508.07622128909,13955.2252525242,22114.5850775318,34782.6565537098,77751.4830733687,1.00035320879024,15000,0,1,"Nr[14,23]",14,23,"SESA","9.5"
"389",5899.33471479521,8273.90906241966,223.226586734746,1460.58329566357,3351.4822467529,7167.79627468976,26696.6534077335,1.00509452980873,6956,0,1,"Nr[15,23]",15,23,"STSA","9.5"
"390",2524.30115005086,3555.52461026317,78.6734615563993,565.657907349835,1358.54239278285,3055.41514926585,11704.8531837679,1.00083748695935,13619,0,1,"Nr[16,23]",16,23,"WISN","9.5"
"391",112919.294709533,77681.5097542068,26938.6637150691,61427.7817991547,93744.8323559949,141219.991473226,309878.092985398,1.00023978509067,15000,0,1,"Nr[17,23]",17,23,"WRSA","9.5"
"392",4587.41344320099,12367.7554361734,223.111729345294,973.13597623921,2020.9593802755,4168.62115593186,23899.4173698552,1.00095987083233,15000,0,1,"Nr[1,24]",1,24,"AMGP","10.1"
"393",15809.0905500222,32599.5214083153,1261.00380230405,4512.8770616066,8756.41903678097,17157.1404632565,68917.9062753245,1.00994736882138,7721,0,1,"Nr[2,24]",2,24,"BASA","10.1"
"394",4431.85396271855,20631.995130914,235.360513733112,999.218779880313,1967.48043974523,3994.83290068597,18330.6319906284,1.03260106082689,15000,0,1,"Nr[3,24]",3,24,"BBPL","10.1"
"395",1749.15519869969,16807.1280484929,9.24198946285624,117.010560659559,369.672929567908,1058.33257374377,8777.12664707868,1.17185217988595,9995,0,1,"Nr[4,24]",4,24,"BBSA","10.1"
"396",8523.98801747585,125037.367607752,64.3491245131516,492.911531809355,1256.07668055778,3291.60279429351,37687.7113185066,1.16303368637919,15000,0,1,"Nr[5,24]",5,24,"DUNL","10.1"
"397",6764.70409085759,214453.110743201,28.9906849246713,315.013120998093,892.293961096238,2471.54548990284,26997.0487520775,1.17412322038627,15000,0,1,"Nr[6,24]",6,24,"LESA","10.1"
"398",24607.5570573465,752435.710908069,244.835427725474,1488.62575994074,3509.9398226242,9004.2766995426,105646.088470792,1.28132937521104,11438,0,1,"Nr[7,24]",7,24,"PESA","10.1"
"399",93227.9177996956,381624.634691191,20094.6501828498,45027.2121411728,68721.7207644966,107531.836865818,298598.648919572,1.27554191868041,15000,0,1,"Nr[8,24]",8,24,"REKN","10.1"
"400",102061.786216977,1585649.43945421,4826.99159271141,10933.961679093,16877.7787895331,27166.754999538,344091.439419798,1.2021655366823,5862,0,1,"Nr[9,24]",9,24,"REPH","10.1"
"401",10482.824221344,149492.286912272,21.4119877717893,250.796621627239,805.160462557851,2581.87650738994,47263.3351348779,1.12381390097926,15000,0,1,"Nr[10,24]",10,24,"RNPH","10.1"
"402",100900.59519556,1409793.47172974,10300.4249565199,29718.8636215648,52792.1674107275,94336.0000866668,331607.766870857,1.28454347788532,7165,0,1,"Nr[11,24]",11,24,"RUTU","10.1"
"403",36522.258897952,54243.5706583555,4099.58296503777,12119.0962289465,21923.9434897939,41109.8085659571,157175.479301968,1.03642068768702,519,0,1,"Nr[12,24]",12,24,"SAND","10.1"
"404",7237.14150503348,103910.630956326,21.6886047634127,227.503123807033,713.425930083713,2104.07196462014,31061.8680103905,1.11181104255531,15000,0,1,"Nr[13,24]",13,24,"SEPL","10.1"
"405",20982.3200347646,255371.178362823,178.597251904973,1090.50077177774,2774.89706605571,8090.34860361137,120422.700093266,1.17729127037246,12146,0,1,"Nr[14,24]",14,24,"SESA","10.1"
"406",2791.01709212739,22267.2759067035,25.0267012269506,221.619557531859,613.142542889074,1633.93211970297,12667.3108226798,1.06576728071278,15000,0,1,"Nr[15,24]",15,24,"STSA","10.1"
"407",1487.24931213224,33727.8001151485,10.0109869547474,97.0689926991236,284.713893635582,750.710703622972,6066.0779931006,1.23685656597441,15000,0,1,"Nr[16,24]",16,24,"WISN","10.1"
"408",142506.051569674,5481015.78156304,69.6190706851726,778.242259358101,2578.42092670355,10144.5807901256,351254.451451089,1.22752972138707,15000,0,1,"Nr[17,24]",17,24,"WRSA","10.1"
"409",5498.39442748081,6057.11660172828,463.896752112211,1868.25488209633,3669.94126304754,6950.52241733656,21036.6575753398,1.00062792250095,3107,0,1,"Nr[1,25]",1,25,"AMGP","10.2"
"410",8586.19493996604,15955.0383488322,195.07888753764,1527.5418941032,3868.58436911731,9434.18135568238,46741.8851038809,1.00491954701645,7198,0,1,"Nr[2,25]",2,25,"BASA","10.2"
"411",2835.03086341329,4925.60894611267,63.979946421549,513.827725761254,1312.00638465163,3170.81290278882,15033.6864178897,1.01043829139409,2828,0,1,"Nr[3,25]",3,25,"BBPL","10.2"
"412",2335.75163475859,8236.55422216682,19.3501993011052,250.473535755055,791.85939316379,2199.6511196735,13712.6725955927,1.10844753528561,15000,0,1,"Nr[4,25]",4,25,"BBSA","10.2"
"413",4320.94032657282,6839.44834419113,122.700559745181,923.219588266159,2256.94495768597,5083.7302686359,21072.894159136,1.01008550842031,15000,0,1,"Nr[5,25]",5,25,"DUNL","10.2"
"414",4085.9922836312,9727.82261281321,66.6804534202132,612.818159052964,1707.86514398568,4366.98506898281,22228.4219842621,1.04605650604449,4021,0,1,"Nr[6,25]",6,25,"LESA","10.2"
"415",9563.17832269295,12100.0802319207,459.532142259307,2499.04207545546,5685.03515611237,11811.9129387921,42423.452540355,0.999997061618136,15000,0,1,"Nr[7,25]",7,25,"PESA","10.2"
"416",1230.21918721947,2747.69124463475,6.80598540922204,114.871063811994,393.373420140903,1205.31359493928,7633.43444121834,1.00448687906968,15000,0,1,"Nr[8,25]",8,25,"REKN","10.2"
"417",2577.06235003017,4508.51413352433,26.7663099812758,352.524205547728,1117.69031717945,2962.01552401834,13736.4369033147,1.00364840864239,15000,0,1,"Nr[9,25]",9,25,"REPH","10.2"
"418",3534.21970737614,6952.50666110919,36.8861562894903,457.127357029934,1369.72576658991,3783.00294967895,20465.1976968537,1.00061190007978,15000,0,1,"Nr[10,25]",10,25,"RNPH","10.2"
"419",3126.85561431602,8851.53959961937,15.2430400444766,253.424172647426,869.135247869795,2760.82218417703,19973.293763288,1.02357957698809,15000,0,1,"Nr[11,25]",11,25,"RUTU","10.2"
"420",6048.01446113174,11094.7993141457,205.172389962868,1307.16044237204,3029.55257969957,6575.20210267976,30400.6309794045,1.00700039710109,1848,0,1,"Nr[12,25]",12,25,"SAND","10.2"
"421",3700.39945511519,7796.2549731996,40.7489194655915,481.875662557478,1426.81379201221,3893.65306401172,21057.158049557,1.00512734533624,14831,0,1,"Nr[13,25]",13,25,"SEPL","10.2"
"422",4754.73026922901,5332.45452511122,302.855953871753,1508.66133915803,3111.61936455589,6064.93190337765,18553.5650402942,1.00010561265616,15000,0,1,"Nr[14,25]",14,25,"SESA","10.2"
"423",2700.28411360812,4481.58331056042,49.7496043058248,473.735796563196,1293.79067716563,3077.2068843595,13763.6432840036,1.00025603671043,15000,0,1,"Nr[15,25]",15,25,"STSA","10.2"
"424",1216.86347603544,1956.43603824708,21.1999394700103,205.019696187172,569.678868854395,1410.69023648949,6400.3687001806,1.00591177992525,3821,0,1,"Nr[16,25]",16,25,"WISN","10.2"
"425",5119.60376152958,7753.55655825017,109.229315128278,970.044427538906,2585.14113980886,6106.13437041417,25206.9903427061,1.00012061359295,15000,0,1,"Nr[17,25]",17,25,"WRSA","10.2"
"426",3630.81672179513,3671.34914928448,308.683447919266,1278.86304976181,2529.09021278444,4713.25167999287,13558.6376823513,1.00020794494314,8609,0,1,"Nr[1,26]",1,26,"AMGP","10.3"
"427",27522.8404265331,31439.6333258716,3037.43976122843,9918.43101498725,18329.045702805,33384.710086685,109551.301704695,1.00350709457081,5963,0,1,"Nr[2,26]",2,26,"BASA","10.3"
"428",2156.22199382577,3381.44973676465,49.0848119270265,402.758828329759,1054.59891680869,2576.57290814894,10786.7561456947,1.0027402958645,15000,0,1,"Nr[3,26]",3,26,"BBPL","10.3"
"429",2107.4009352348,4118.78229155134,21.8968255687973,256.176538465877,797.975193056469,2232.29018459306,11866.1878350115,1.00096628862305,10014,0,1,"Nr[4,26]",4,26,"BBSA","10.3"
"430",2680.5644361693,3531.68193454579,96.074741818657,646.502311263795,1504.7056867727,3352.83948956261,12228.7024998823,1.00016175154503,15000,0,1,"Nr[5,26]",5,26,"DUNL","10.3"
"431",2687.25751417487,4627.02364855175,49.9214536279103,454.596530512549,1210.66768597221,3030.05379332581,14480.1000268198,1.00832249025102,7472,0,1,"Nr[6,26]",6,26,"LESA","10.3"
"432",12424.3526330773,10722.3241571399,1765.91177354659,5427.57446227954,9454.67721847767,15878.0574501217,40304.4121110706,1.00038273295305,15000,0,1,"Nr[7,26]",7,26,"PESA","10.3"
"433",1358.74770881185,2188.86553495243,45.9277662506284,286.587170759241,666.271128607304,1527.18871217903,6978.36719722892,1.00187109240387,5135,0,1,"Nr[8,26]",8,26,"REKN","10.3"
"434",7776.16934746657,6338.26355152243,897.092532239176,3353.97429930233,6021.30016634623,10369.3650311586,24434.9690610645,0.999930050830644,15000,0,1,"Nr[9,26]",9,26,"REPH","10.3"
"435",2055.35259312269,3393.43939569004,29.8546399961311,312.870344392865,897.40265130119,2373.83646522583,11100.6993217776,1.00414172205639,3682,0,1,"Nr[10,26]",10,26,"RNPH","10.3"
"436",12069.3654438009,15364.2238772328,805.240232706936,3665.1069499067,7541.72936490615,14647.9746824576,51720.353996717,1.00319018596064,1862,0,1,"Nr[11,26]",11,26,"RUTU","10.3"
"437",45800.2648800316,54608.0649727563,6398.61280433577,17963.8699109261,30958.1526867684,54299.2910560079,173212.564330057,1.03841080169663,701,0,1,"Nr[12,26]",12,26,"SAND","10.3"
"438",2193.88025945878,3999.62235031347,31.8605140372936,335.385296137585,933.56510987971,2446.46330519306,12103.6158173677,1.01916104764974,3154,0,1,"Nr[13,26]",13,26,"SEPL","10.3"
"439",2705.88381086082,2849.88123008791,186.628842250588,884.39724048835,1814.86776968907,3501.47745160411,10436.7782298581,1.00159244814274,6220,0,1,"Nr[14,26]",14,26,"SESA","10.3"
"440",2315.47712824213,3497.4214967598,45.1478868150337,419.426461116588,1134.85800130487,2801.86376824939,11408.0011363395,1.00043088602542,15000,0,1,"Nr[15,26]",15,26,"STSA","10.3"
"441",1053.56200757728,1583.29455342214,18.0804572627579,180.321839334418,494.727283508251,1271.48540479048,5430.15492553566,1.00018147769688,15000,0,1,"Nr[16,26]",16,26,"WISN","10.3"
"442",27185.383858468,16876.6944926431,6851.88189002441,15438.5530009353,23172.3888502948,34330.2819080069,70941.334752137,1.00035777744252,7375,0,1,"Nr[17,26]",17,26,"WRSA","10.3"
"443",24566.2817013832,41734.7022309028,958.689653767407,5175.90349623134,11871.8916902491,27134.0252909433,125912.294821763,1.00105901245527,15000,0,1,"Nr[1,27]",1,27,"AMGP","10.4"
"444",33987.2103655379,110281.880257053,364.107511440069,3164.64937575823,9638.27836964941,27493.6949765389,210548.368837721,1.00928183920119,8943,0,1,"Nr[2,27]",2,27,"BASA","10.4"
"445",38178.76657641,62731.1286254977,2989.25361575944,11176.8604036855,21792.5831252457,42402.4060717889,172380.262344934,1.02357189951981,1695,0,1,"Nr[3,27]",3,27,"BBPL","10.4"
"446",7886.55993092572,33636.771458583,30.4409804504619,417.490491557763,1479.05891927434,5050.68646113991,53459.7706692044,1.06169901420761,3159,0,1,"Nr[4,27]",4,27,"BBSA","10.4"
"447",20434.8808175616,51715.5201296733,232.768541470148,2123.20780734669,6464.06933926344,18551.2784060355,130471.747782704,1.00960102679186,10997,0,1,"Nr[5,27]",5,27,"DUNL","10.4"
"448",18888.6013907896,68954.3691894308,104.197999425001,1336.30098869298,4376.20853587874,14151.7431413302,125088.926503768,1.02953425669631,15000,0,1,"Nr[6,27]",6,27,"LESA","10.4"
"449",107545.108496817,132763.825722083,11681.2495440872,37278.0036878492,69292.3839663706,128429.765411804,440216.682015278,1.00277268632298,15000,0,1,"Nr[7,27]",7,27,"PESA","10.4"
"450",5111.12835936079,21403.0595902441,11.111289411815,203.890445725283,797.219340821531,3066.11742143909,37392.6177185207,1.00801884114703,15000,0,1,"Nr[8,27]",8,27,"REKN","10.4"
"451",1012085.73839035,796074.381080175,237823.786992403,519353.35348361,796440.55513357,1247503.59167921,3073977.40498548,1.00293594376855,5767,0,1,"Nr[9,27]",9,27,"REPH","10.4"
"452",20283.7245025716,76850.2937729699,74.2894546827508,1056.4268340601,3909.77414911093,13839.0243548618,141072.412043957,1.00284449814343,13456,0,1,"Nr[10,27]",10,27,"RNPH","10.4"
"453",15021.2052210608,80994.4586820158,26.8860722487066,489.910269774712,1992.75683939145,7707.09769068375,103308.783903101,1.0041108705747,15000,0,1,"Nr[11,27]",11,27,"RUTU","10.4"
"454",65506.7160316554,208679.210008842,3107.77333209537,11943.8070238088,25420.1597009665,58601.0635166704,372536.29503199,1.04392581931032,2802,0,1,"Nr[12,27]",12,27,"SAND","10.4"
"455",18985.4475871171,63887.9121337345,80.4914728345957,1120.66894064963,3870.53343840197,13498.5929167851,131761.690694504,1.0190378567827,15000,0,1,"Nr[13,27]",13,27,"SEPL","10.4"
"456",29748.4361750561,54531.2504781534,718.427822335397,4988.23862567075,12836.8141280076,32495.9714246761,164146.5238183,1.00230281640483,9667,0,1,"Nr[14,27]",14,27,"SESA","10.4"
"457",11162.1602836111,34187.1622664188,81.5231422815007,925.023294574961,2908.65319441244,8992.76395529941,75704.8480513099,1.0276958465661,4261,0,1,"Nr[15,27]",15,27,"STSA","10.4"
"458",5466.7282703089,16161.3741513992,33.4995412055831,412.287532721335,1371.76041379552,4548.68860440441,38002.1857015764,1.00796785844391,8791,0,1,"Nr[16,27]",16,27,"WISN","10.4"
"459",366832.028895024,392419.43502378,49931.6806682818,144716.55836373,252845.737136477,442799.19606245,1390192.67416049,1.00103655658821,15000,0,1,"Nr[17,27]",17,27,"WRSA","10.4"
"460",74426.8608444375,38318.2222711499,24473.9314251525,47335.2780995079,66398.5640393126,92608.4661360451,170293.664526055,1.00143359756504,1522,0,1,"Nr[1,28]",1,28,"AMGP","10.5"
"461",187508.388937681,164039.980242793,40185.6248518193,90438.8465402599,140717.192544875,228577.421399152,612023.287437381,1.00353472878648,2048,0,1,"Nr[2,28]",2,28,"BASA","10.5"
"462",67857.9295963345,49532.2026674062,17855.7144828084,38145.3790096223,56533.6669227602,83577.1506732495,185064.960068585,1.01140325998513,5426,0,1,"Nr[3,28]",3,28,"BBPL","10.5"
"463",38432.4140189273,39728.7566463681,6080.97552968107,16820.720645877,27935.0303583889,46832.0160815581,129572.394861074,1.00236021245378,11371,0,1,"Nr[4,28]",4,28,"BBSA","10.5"
"464",3275.91134829333,6475.71336793595,87.5024803314369,679.699827049131,1706.89555130695,3838.28901539375,15057.5059086429,1.00920027571933,15000,0,1,"Nr[5,28]",5,28,"DUNL","10.5"
"465",2884.7403224621,7754.36659899275,40.7547526050581,432.382838838975,1224.06972468287,3069.00759614588,14975.6306350467,1.10858486580503,4470,0,1,"Nr[6,28]",6,28,"LESA","10.5"
"466",65467.3023314748,39034.8502008376,19062.293162287,39200.4847207557,56702.4029457736,81736.7964780503,160874.738057743,1.00031353749474,7366,0,1,"Nr[7,28]",7,28,"PESA","10.5"
"467",10432.2615636148,10474.2861924947,1184.14034955304,4144.20404643094,7462.04747301748,13073.5931396505,37304.3785268056,1.00040329515826,4470,0,1,"Nr[8,28]",8,28,"REKN","10.5"
"468",1103330.99732025,351520.725441116,590791.97719412,854950.861876294,1044165.35938572,1291928.97737344,1938516.67542754,1.00153718976659,2027,0,1,"Nr[9,28]",9,28,"REPH","10.5"
"469",2888.05039811998,8998.73822842509,26.3816791776695,346.133645308027,1056.87625232937,2823.44091097947,15106.0875088993,1.0231911487373,15000,0,1,"Nr[10,28]",10,28,"RNPH","10.5"
"470",17963.2037764453,21941.1163185811,1699.80553069654,6285.05508027316,11954.1476335041,22035.4454536639,69377.5600998355,1.0181587735204,5991,0,1,"Nr[11,28]",11,28,"RUTU","10.5"
"471",16112.8896074303,22939.2393393984,1376.79677752348,5294.73410448484,10017.7942791857,19016.8561050154,65417.9669148408,1.01365057185538,1214,0,1,"Nr[12,28]",12,28,"SAND","10.5"
"472",2554.92230910001,13235.7623041282,25.1074214978254,295.589261768613,907.692614332911,2448.19430132002,13476.7912189951,1.16392139770725,10151,0,1,"Nr[13,28]",13,28,"SEPL","10.5"
"473",4117.46554598465,8341.29374824316,213.777492958736,1149.61575616312,2403.20901807224,4734.96450733286,17022.3617280038,1.02313275343858,15000,0,1,"Nr[14,28]",14,28,"SESA","10.5"
"474",2200.05079059969,3815.30112612374,32.7385118233658,354.112929166418,1017.44600105729,2573.46985278557,11582.4088246076,1.0121841683721,6355,0,1,"Nr[15,28]",15,28,"STSA","10.5"
"475",1008.65947903755,1714.66055872998,14.5642014728253,157.813785251587,461.172842227349,1176.00336313646,5312.60818741063,1.00436639263048,13878,0,1,"Nr[16,28]",16,28,"WISN","10.5"
"476",1015316.36225519,511801.077960603,470501.305948031,725987.662957099,920418.113912865,1181610.49897742,2046549.44914078,1.00750220507029,15000,0,1,"Nr[17,28]",17,28,"WRSA","10.5"
"477",4524.52188680178,5154.95498973016,305.72514058135,1403.73552256151,2909.32291139781,5735.8118029092,18326.7152195313,1.00126408841991,2540,0,1,"Nr[1,29]",1,29,"AMGP","11.1"
"478",93514.1057255976,109095.071673512,10684.4266467512,34037.7074093416,62371.8378904351,113405.031234098,364255.449698964,1.00011777892011,15000,0,1,"Nr[2,29]",2,29,"BASA","11.1"
"479",2681.18270658938,4886.3736306383,40.6867428863622,395.350646333812,1133.28013310969,2984.49137811115,14750.6539077641,1.00292246691619,9012,0,1,"Nr[3,29]",3,29,"BBPL","11.1"
"480",2372.24244034196,5382.34754071994,14.8575814471875,200.522631043461,699.473695406802,2253.58982389642,15342.1808119497,1.0022758443638,14777,0,1,"Nr[4,29]",4,29,"BBSA","11.1"
"481",3668.25392296867,5785.74185701997,85.7511844813725,694.588659786273,1807.16840196238,4388.19345334131,18135.7376313491,1.00842349323665,15000,0,1,"Nr[5,29]",5,29,"DUNL","11.1"
"482",3358.43456315225,6604.0045400964,41.3728946758899,448.039776083228,1297.02936326748,3490.47009750129,19723.3140488437,1.00235740770913,7261,0,1,"Nr[6,29]",6,29,"LESA","11.1"
"483",9349.73546565672,11663.2480293708,660.749724845681,2862.18666289121,5809.85475551994,11486.9606328578,37888.3649203911,1.00165492790706,15000,0,1,"Nr[7,29]",7,29,"PESA","11.1"
"484",75037.607831675,64916.942185193,15420.4699903258,37122.1045462585,57629.0730637782,90848.864120515,241779.882867673,1.00516737832155,3223,0,1,"Nr[8,29]",8,29,"REKN","11.1"
"485",2254.04300647289,3848.44159946146,16.0527970862731,258.623416414787,899.931758148608,2567.85991531564,12889.7827323611,1.00257526278736,7553,0,1,"Nr[9,29]",9,29,"REPH","11.1"
"486",2869.65321555379,5692.37303156992,27.9186994847499,337.642071328528,1067.96238773163,3058.79505686645,16712.2343759197,1.00158399732053,15000,0,1,"Nr[10,29]",10,29,"RNPH","11.1"
"487",115060.097906149,148154.098534922,15210.230587748,43996.988384371,77376.8749831159,135302.412084166,429827.9649548,1.00197849287722,1489,0,1,"Nr[11,29]",11,29,"RUTU","11.1"
"488",14256.041489509,43296.8760851433,612.34695530769,3179.59176367906,7070.83036400284,15127.5959831279,66555.3677552487,1.18894145904854,1822,0,1,"Nr[12,29]",12,29,"SAND","11.1"
"489",2677.40810752079,5863.65845389615,24.4145090754933,302.649042326226,934.734526100716,2714.24215205263,15839.7970466567,1.00285841665606,15000,0,1,"Nr[13,29]",13,29,"SEPL","11.1"
"490",3851.89789340388,4546.55090057278,200.110810643321,1120.97680700428,2409.73246554499,4850.17894329756,16421.7993594338,1.00064767595039,10802,0,1,"Nr[14,29]",14,29,"SESA","11.1"
"491",2668.92678930536,4761.88047226654,33.1180964485381,360.331898919308,1103.09886015573,2955.32278048347,14923.6717585707,1.00029204960638,15000,0,1,"Nr[15,29]",15,29,"STSA","11.1"
"492",1192.22635235605,2090.19455652359,13.8261991905013,154.020276936873,477.59554595745,1310.76285167993,6961.12993531364,1.00164824071966,10997,0,1,"Nr[16,29]",16,29,"WISN","11.1"
"493",4300.45064336875,6772.75259624186,74.1088047368994,745.761904360138,2006.73124568477,4975.05318526003,22327.3874531731,1.00277160032044,6696,0,1,"Nr[17,29]",17,29,"WRSA","11.1"
"494",2917.59137406268,2080.02850250509,628.401205879959,1537.82711737127,2405.16502596941,3677.05414907823,8239.69658421127,1.0015054810659,1549,0,1,"Nr[1,30]",1,30,"AMGP","12.1"
"495",4604.38805378746,6300.95161133599,396.308749179221,1422.5012304018,2749.38763430335,5379.90041126056,20186.6439873928,1.0088303326742,2563,0,1,"Nr[2,30]",2,30,"BASA","12.1"
"496",567.182463357123,1170.02614951868,18.2115466161102,115.717432326508,272.232043312578,620.093997808996,2917.91752938867,1.04779711787393,5033,0,1,"Nr[3,30]",3,30,"BBPL","12.1"
"497",478.56699438561,1108.94407754066,7.50934557681147,64.6110493199493,177.541331833845,465.060061299744,2750.28509118611,1.0133704534294,15000,0,1,"Nr[4,30]",4,30,"BBSA","12.1"
"498",905.051732881631,1359.32609841626,41.4701686759523,229.980311850971,513.393859935053,1081.8393459401,4134.63237383159,1.00333921181388,13757,0,1,"Nr[5,30]",5,30,"DUNL","12.1"
"499",3663.44002664559,4415.49035857382,339.958411571847,1238.84729175022,2351.98100956906,4471.46011118523,14894.11221513,1.00372895532096,15000,0,1,"Nr[6,30]",6,30,"LESA","12.1"
"500",71394.8482097652,40310.3107229911,24127.2829463321,44380.0442577706,62221.7008179366,86918.3799608183,174731.184020471,1.00200818500136,2008,0,1,"Nr[7,30]",7,30,"PESA","12.1"
"501",260.998900712791,568.125196770978,2.52836175448792,29.6041304010052,92.4635788190093,259.009679488548,1585.02917934494,1.01281854295811,3223,0,1,"Nr[8,30]",8,30,"REKN","12.1"
"502",2955.11894500993,2601.93147958755,341.056579006969,1229.53312222083,2220.8456566656,3870.46586769324,9854.23033059411,1.00172112857811,5895,0,1,"Nr[9,30]",9,30,"REPH","12.1"
"503",76384.7157198048,42268.3188578174,26380.4050555909,48129.2652202096,66747.1297022869,92977.6087097815,184221.056317872,1.00017701500282,15000,0,1,"Nr[10,30]",10,30,"RNPH","12.1"
"504",610.734267586298,1493.16512346218,6.64151400262374,67.1198053476651,204.524350769111,567.985021599604,3672.09388160195,1.00440555674764,5245,0,1,"Nr[11,30]",11,30,"RUTU","12.1"
"505",1127.15338125358,2047.83454430973,51.8810263726327,274.512939012959,582.794783207197,1248.07881570151,5368.9592202403,1.01076654087872,1325,0,1,"Nr[12,30]",12,30,"SAND","12.1"
"506",777.941241327318,1785.90310139507,14.4192249242272,124.126598555859,325.918280640976,816.07093836378,4312.40154112647,1.00966432362621,5973,0,1,"Nr[13,30]",13,30,"SEPL","12.1"
"507",10893.6764100084,6236.93412407149,3223.6273272013,6536.93187682486,9481.35895926535,13610.2703703659,26798.126244139,1.00002583031315,15000,0,1,"Nr[14,30]",14,30,"SESA","12.1"
"508",4826.77870375036,3550.97560675499,1079.6727027509,2531.84389515386,3890.64092526662,6015.64272343257,13796.0586805445,1.00060744303368,6198,0,1,"Nr[15,30]",15,30,"STSA","12.1"
"509",6666.78669226119,4277.79202532704,1524.75559976449,3732.6031294232,5646.25113876665,8431.14554920156,17586.7081280528,1.00096750283102,15000,0,1,"Nr[16,30]",16,30,"WISN","12.1"
"510",1248.70251099916,1888.04075125151,44.26057387422,301.957213997386,683.326226088187,1484.34703394099,5780.03891054571,1.00763502771334,3291,0,1,"Nr[17,30]",17,30,"WRSA","12.1"
"511",3324.09147156457,2521.59776136244,676.463891895472,1716.23548097854,2700.18106917963,4211.798928007,9663.51990018824,1.00268391758125,2445,0,1,"Nr[1,31]",1,31,"AMGP","12.2"
"512",2470.12905315141,2836.35758852791,277.730102013703,902.578589724107,1652.28865891868,2976.04787517533,9558.09940396886,1.00132354863746,15000,0,1,"Nr[2,31]",2,31,"BASA","12.2"
"513",500.911185219183,725.427411596623,20.8502922695455,125.818102610693,279.263497004882,591.909600519271,2322.27559195213,1.00796143660389,4991,0,1,"Nr[3,31]",3,31,"BBPL","12.2"
"514",448.454948374125,1546.38687657241,9.00727879607196,73.404698345054,191.777880546277,478.879084669932,2294.10736792807,1.16608709143884,6813,0,1,"Nr[4,31]",4,31,"BBSA","12.2"
"515",813.896785555277,2594.89410802859,47.2271082748256,226.273254432355,470.872964802366,942.226798224046,3419.96199309278,1.21001890124001,7232,0,1,"Nr[5,31]",5,31,"DUNL","12.2"
"516",4683.07911852856,4855.58256435847,671.538240370047,1947.92246769153,3316.54065024317,5733.5374688348,16685.880394489,1.00267645642695,8086,0,1,"Nr[6,31]",6,31,"LESA","12.2"
"517",43996.3995416447,17027.7105331552,20562.3239973955,32202.5542311384,40824.688501101,52343.7598063026,85801.25466486,1.00005028576186,15000,0,1,"Nr[7,31]",7,31,"PESA","12.2"
"518",250.688864512499,508.434530598128,3.25364907072169,35.3504349785654,100.874455645017,264.911913642432,1415.76269275403,1.00084408411837,14488,0,1,"Nr[8,31]",8,31,"REKN","12.2"
"519",630.38461404926,1610.63662233756,13.2161713431966,109.678239647216,281.813706514923,657.615130893758,3211.3874377967,1.03312496771364,9736,0,1,"Nr[9,31]",9,31,"REPH","12.2"
"520",404297.884416855,180200.31484556,182119.246784912,282703.955720986,364425.000974511,478855.946750097,874880.983060165,1.00430753071644,768,0,1,"Nr[10,31]",10,31,"RNPH","12.2"
"521",607.752300192411,7934.14156846455,7.50771904733676,69.5929626019989,193.368830024703,509.20921001661,3050.4342988429,1.28002477043442,9835,0,1,"Nr[11,31]",11,31,"RUTU","12.2"
"522",1579.53331422126,2086.29554355578,141.413373728487,530.650316590694,1006.25762795595,1886.87810476916,6504.68331845673,1.02525484849083,725,0,1,"Nr[12,31]",12,31,"SAND","12.2"
"523",1190.11271100141,1618.59099081364,106.453696313894,417.162979560233,778.919634123772,1428.66551777175,4707.90803790388,1.00215024514081,6320,0,1,"Nr[13,31]",13,31,"SEPL","12.2"
"524",25913.1899581579,8626.4964731845,13413.2399823891,19843.9480682489,24503.1359055549,30375.244782718,46751.7345855945,1.00009604710013,15000,0,1,"Nr[14,31]",14,31,"SESA","12.2"
"525",23190.6846234173,12301.099991769,8463.94186952694,14928.2400264301,20416.7382450806,27911.1696028628,54021.3434664724,1.00007561773689,15000,0,1,"Nr[15,31]",15,31,"STSA","12.2"
"526",23884.5043696753,10663.6567201177,8374.5659581261,16493.3499522409,22198.0072716726,29351.616494813,49338.7004706209,1.00146198612473,3333,0,1,"Nr[16,31]",16,31,"WISN","12.2"
"527",1202.31707753892,3039.05093273023,45.9830661762848,284.855081632075,629.071015738766,1314.30250183963,5332.3806138744,1.08842958123404,3382,0,1,"Nr[17,31]",17,31,"WRSA","12.2"
"528",3346.20941140154,5602.81511333216,464.868143112953,1376.25752905086,2363.93114200736,3997.45731464531,11762.2091220995,1.14265907384331,3745,0,1,"Nr[1,32]",1,32,"AMGP","12.3"
"529",3261.7668955573,12098.5187495048,80.8223858565222,501.459968001308,1228.7115559373,2980.86586610302,17806.4422418589,1.05674801225108,10204,0,1,"Nr[2,32]",2,32,"BASA","12.3"
"530",1928.79627583048,4647.05013851212,102.79779331752,484.643828084107,1025.8497049569,2099.04601464867,8864.18886870486,1.02299919043983,15000,0,1,"Nr[3,32]",3,32,"BBPL","12.3"
"531",819.492255256624,3116.1706063126,8.32236571610692,84.4491494568676,244.962416757274,681.651738121312,5008.81604907978,1.03072233609415,15000,0,1,"Nr[4,32]",4,32,"BBSA","12.3"
"532",2422.90357080046,11059.5719169198,61.7167696259852,378.415840701008,917.437734379345,2179.04056266637,12405.6337671897,1.06399093629527,15000,0,1,"Nr[5,32]",5,32,"DUNL","12.3"
"533",3888.70000608996,6845.82682983512,277.184785774226,1132.22091835149,2241.32891993328,4380.49148731262,17105.0498534139,1.00186731713412,15000,0,1,"Nr[6,32]",6,32,"LESA","12.3"
"534",83662.8876344971,53943.4940526074,24409.3105727532,48329.1786028029,70261.2820958429,102861.741546472,220270.584843426,1.00125110627555,5204,0,1,"Nr[7,32]",7,32,"PESA","12.3"
"535",589.01417196524,16411.0599058282,3.12506090539935,37.9879522775656,123.604266923795,371.858557273845,2890.92566859108,1.28800660184771,15000,0,1,"Nr[8,32]",8,32,"REKN","12.3"
"536",20764.4297115359,672756.609727786,20.8199444454884,225.690667213955,693.155797340919,2066.47593016741,23885.8038119616,1.04388953175934,15000,0,1,"Nr[9,32]",9,32,"REPH","12.3"
"537",69638.1422638257,55087.2019971681,16866.9122795224,36354.0610453923,55349.9187814416,84926.1007547293,206655.806053317,1.00114632595644,14135,0,1,"Nr[10,32]",10,32,"RNPH","12.3"
"538",1586.79103774045,8902.55753833863,8.14894019351981,103.197499266618,339.390323329082,1053.73917522125,9694.34737101161,1.15090526332847,15000,0,1,"Nr[11,32]",11,32,"RUTU","12.3"
"539",1555.68382671532,3088.71089350776,60.182192878398,343.401062898728,766.574904550332,1672.36576918525,8058.81713842706,1.02677974438419,2352,0,1,"Nr[12,32]",12,32,"SAND","12.3"
"540",1677.8671182595,5903.28991092424,18.9481342539266,167.119880554156,485.051042133827,1337.89498412603,10433.4680254138,1.01230133390565,9530,0,1,"Nr[13,32]",13,32,"SEPL","12.3"
"541",64661.6773397812,43392.1485697335,20071.6425587843,38131.7746518539,53864.1242413234,77792.7354051484,173309.786624981,1.00026732392479,7967,0,1,"Nr[14,32]",14,32,"SESA","12.3"
"542",11755.7190936168,10152.3177926022,2364.0766617582,5757.32711393721,9124.21690300651,14678.6959734866,36130.2703684301,1.00994567129838,15000,0,1,"Nr[15,32]",15,32,"STSA","12.3"
"543",5102.60025055908,5452.87267020267,582.34355100612,1898.01145221296,3494.84277845906,6402.79285146234,18916.2993676713,1.00449864464022,13260,0,1,"Nr[16,32]",16,32,"WISN","12.3"
"544",14713.849233038,822644.001320703,81.0407903625635,618.942862214884,1660.12483290877,4304.36115469222,36826.688032327,1.28156186829114,15000,0,1,"Nr[17,32]",17,32,"WRSA","12.3"
